Date,XLK
1998-12-22,26.350262
1998-12-23,26.979787
1998-12-24,26.877007
1998-12-28,26.954092
1998-12-29,27.031177
1998-12-30,26.928397
1998-12-31,26.825617
1999-01-04,27.133957
1999-01-05,27.827723
1999-01-06,28.649964
1999-01-07,28.560035
1999-01-08,28.675659
1999-01-11,28.958305
1999-01-12,28.174603
1999-01-13,28.161759
1999-01-14,27.776333
1999-01-15,28.598574
1999-01-19,29.587836
1999-01-20,29.857631
1999-01-21,29.08678
1999-01-22,28.572879
1999-01-25,29.073936
1999-01-26,30.243056
1999-01-27,29.600681
1999-01-28,30.641326
1999-01-29,31.090993
1999-02-01,31.116688
1999-02-02,30.589936
1999-02-03,30.808347
1999-02-04,29.754851
1999-02-05,29.03539
1999-02-08,29.523595
1999-02-09,28.367319
1999-02-10,28.572879
1999-02-11,29.780546
1999-02-12,28.598574
1999-02-16,28.470099
1999-02-17,27.827723
1999-02-18,27.981893
1999-02-19,28.238844
1999-02-22,29.24095
1999-02-23,29.626376
1999-02-24,28.804134
1999-02-25,28.88122
1999-02-26,28.007588
1999-03-01,27.879113
1999-03-02,27.133957
1999-03-03,27.596468
1999-03-04,27.879113
1999-03-05,28.521489
1999-03-08,29.34373
1999-03-09,29.03539
1999-03-10,29.03539
1999-03-11,28.984
1999-03-12,28.727049
1999-03-15,29.18956
1999-03-16,29.690616
1999-03-17,29.4979
1999-03-18,29.909021
1999-03-19,29.18956
1999-03-22,29.18956
1999-03-23,28.341624
1999-03-24,28.894064
1999-03-25,29.574986
1999-03-26,29.420815
1999-03-29,30.525702
1999-03-30,30.474312
1999-03-31,30.088886
1999-04-01,30.564248
1999-04-05,31.617738
1999-04-06,31.887539
1999-04-07,31.810454
1999-04-08,32.118794
1999-04-09,32.067404
1999-04-12,31.579198
1999-04-13,31.090993
1999-04-14,30.320142
1999-04-15,30.577092
1999-04-16,29.754851
1999-04-19,28.315929
1999-04-20,29.03539
1999-04-21,29.806241
1999-04-22,31.180928
1999-04-23,31.245163
1999-04-26,32.041709
1999-04-27,31.245163
1999-04-28,30.834042
1999-04-29,30.512857
1999-04-30,30.268752
1999-05-03,30.525702
1999-05-04,30.063191
1999-05-05,30.679872
1999-05-06,29.909021
1999-05-07,30.422922
1999-05-10,30.679872
1999-05-11,31.142383
1999-05-12,31.759064
1999-05-13,31.669128
1999-05-14,30.834042
1999-05-17,31.270858
1999-05-18,31.553503
1999-05-19,31.656283
1999-05-20,31.245163
1999-05-21,30.885432
1999-05-24,30.217361
1999-05-25,29.587836
1999-05-26,30.204517
1999-05-27,29.986106
1999-05-28,30.371532
1999-06-01,29.690616
1999-06-02,30.011801
1999-06-03,29.806241
1999-06-04,30.692716
1999-06-07,31.245163
1999-06-08,30.525702
1999-06-09,30.988212
1999-06-10,30.525702
1999-06-11,30.114581
1999-06-14,29.973255
1999-06-15,30.243056
1999-06-16,31.489269
1999-06-17,31.836149
1999-06-18,32.118794
1999-06-21,32.928191
1999-06-22,32.234419
1999-06-23,32.478525
1999-06-24,31.810454
1999-06-25,31.848999
1999-06-28,32.375744
1999-06-29,32.786865
1999-06-30,33.287921
1999-07-01,33.660496
1999-07-02,34.097312
1999-07-06,33.904602
1999-07-07,34.302872
1999-07-08,34.765383
1999-07-09,35.137964
1999-07-12,35.189354
1999-07-13,35.035184
1999-07-14,35.471993
1999-07-15,35.728943
1999-07-16,36.050134
1999-07-19,35.613319
1999-07-20,34.135851
1999-07-21,34.431347
1999-07-22,33.365
1999-07-23,33.454936
1999-07-26,32.696929
1999-07-27,33.506326
1999-07-28,33.814666
1999-07-29,33.249376
1999-07-30,32.902489
1999-08-02,32.838255
1999-08-03,32.70978
1999-08-04,32.31151
1999-08-05,32.56846
1999-08-06,32.581305
1999-08-09,32.20873
1999-08-10,31.669128
1999-08-11,32.684085
1999-08-12,32.272964
1999-08-13,33.300766
1999-08-16,33.403546
1999-08-17,33.557716
1999-08-18,33.17229
1999-08-19,32.838255
1999-08-20,32.941035
1999-08-23,33.699042
1999-08-24,34.225787
1999-08-25,34.945248
1999-08-26,34.521283
1999-08-27,34.328567
1999-08-30,33.763276
1999-08-31,34.058772
1999-09-01,34.238631
1999-09-02,34.110162
1999-09-03,35.356368
1999-09-07,35.369213
1999-09-08,35.125113
1999-09-09,35.433454
1999-09-10,35.818879
1999-09-13,35.330673
1999-09-14,35.716099
1999-09-15,34.970943
1999-09-16,34.816773
1999-09-17,35.510539
1999-09-20,35.664709
1999-09-21,34.932404
1999-09-22,34.996638
1999-09-23,33.711886
1999-09-24,33.788971
1999-09-27,34.135851
1999-09-28,34.290021
1999-09-29,33.660496
1999-09-30,33.917447
1999-10-01,33.711886
1999-10-04,34.534127
1999-10-05,34.739688
1999-10-06,35.163653
1999-10-07,34.983794
1999-10-08,34.958092
1999-10-11,35.304978
1999-10-12,34.675453
1999-10-13,33.763276
1999-10-14,33.57056
1999-10-15,32.774021
1999-10-18,32.478525
1999-10-19,31.964624
1999-10-20,33.249376
1999-10-21,32.70978
1999-10-22,32.786865
1999-10-25,32.876801
1999-10-26,32.889645
1999-10-27,32.851099
1999-10-28,33.699042
1999-10-29,34.945248
1999-11-01,34.893858
1999-11-02,34.739688
1999-11-03,35.253588
1999-11-04,35.523383
1999-11-05,35.908815
1999-11-08,36.268545
1999-11-09,35.870269
1999-11-10,36.499794
1999-11-11,37.000851
1999-11-12,37.206411
1999-11-15,37.039396
1999-11-16,37.823092
1999-11-17,37.463361
1999-11-18,38.735269
1999-11-19,39.094999
1999-11-22,39.339099
1999-11-23,38.992219
1999-11-24,39.596049
1999-11-26,39.90439
1999-11-29,39.55751
1999-11-30,38.375538
1999-12-01,38.748113
1999-12-02,39.673134
1999-12-03,40.803716
1999-12-06,41.086361
1999-12-07,41.189141
1999-12-08,40.752326
1999-12-09,40.649546
1999-12-10,40.855106
1999-12-13,41.124901
1999-12-14,40.341205
1999-12-15,41.163446
1999-12-16,41.934298
1999-12-17,42.397641
1999-12-20,42.80877
1999-12-21,43.631027
1999-12-22,43.631027
1999-12-23,43.862287
1999-12-27,44.196329
1999-12-28,43.7852
1999-12-29,44.491831
1999-12-30,44.453284
1999-12-31,44.299111
2000-01-03,45.583888
2000-01-04,43.271289
2000-01-05,42.628901
2000-01-06,41.215646
2000-01-07,41.935121
2000-01-10,43.528245
2000-01-11,42.294859
2000-01-12,42.11499
2000-01-13,42.500423
2000-01-14,43.476854
2000-01-18,43.708114
2000-01-19,43.7852
2000-01-20,44.042156
2000-01-21,44.093547
2000-01-24,42.654596
2000-01-25,43.566791
2000-01-26,42.140686
2000-01-27,41.729557
2000-01-28,40.239216
2000-01-31,41.575384
2000-02-01,42.449032
2000-02-02,42.757379
2000-02-03,43.990764
2000-02-04,44.504675
2000-02-07,45.018586
2000-02-08,45.429715
2000-02-09,44.864413
2000-02-10,45.930781
2000-02-11,44.71024
2000-02-14,44.735935
2000-02-15,44.864413
2000-02-16,44.633153
2000-02-17,45.635279
2000-02-18,44.093547
2000-02-22,43.990764
2000-02-23,45.326933
2000-02-24,45.892234
2000-02-25,45.45541
2000-02-28,44.915804
2000-02-29,45.943626
2000-03-01,46.406145
2000-03-02,46.868665
2000-03-03,48.166287
2000-03-06,48.089206
2000-03-07,46.765883
2000-03-08,47.58814
2000-03-09,49.02709
2000-03-10,49.129873
2000-03-13,48.410397
2000-03-14,47.305489
2000-03-15,46.483232
2000-03-16,48.102051
2000-03-17,49.232655
2000-03-20,49.02709
2000-03-21,50.311867
2000-03-22,51.185516
2000-03-23,52.161946
2000-03-24,52.611621
2000-03-27,53.035595
2000-03-28,51.750818
2000-03-29,50.234781
2000-03-30,48.872917
2000-03-31,49.797957
2000-04-03,47.690922
2000-04-04,47.228403
2000-04-05,47.536749
2000-04-06,48.153442
2000-04-07,49.797957
2000-04-10,47.999269
2000-04-11,46.817274
2000-04-12,43.7852
2000-04-13,42.950098
2000-04-14,40.701735
2000-04-17,42.911552
2000-04-18,45.352628
2000-04-19,43.862287
2000-04-20,43.476854
2000-04-24,42.140686
2000-04-25,44.581762
2000-04-26,43.733809
2000-04-27,45.095673
2000-04-28,45.22415
2000-05-01,45.866539
2000-05-02,45.018586
2000-05-03,43.065725
2000-05-04,42.757379
2000-05-05,43.926529
2000-05-08,42.371945
2000-05-09,41.588228
2000-05-10,39.571132
2000-05-11,40.688891
2000-05-12,41.215646
2000-05-15,41.986512
2000-05-16,43.245594
2000-05-17,42.628901
2000-05-18,41.549688
2000-05-19,39.930869
2000-05-22,39.751
2000-05-23,37.823835
2000-05-24,39.314176
2000-05-25,38.671788
2000-05-26,38.800265
2000-05-30,41.318428
2000-05-31,40.521867
2000-06-01,42.34625
2000-06-02,44.273415
2000-06-05,44.401893
2000-06-06,43.7852
2000-06-07,44.607457
2000-06-08,44.401893
2000-06-09,44.504675
2000-06-12,43.579636
2000-06-13,44.504675
2000-06-14,43.682418
2000-06-15,44.556066
2000-06-16,44.71024
2000-06-19,46.123494
2000-06-20,46.251972
2000-06-21,46.663101
2000-06-22,45.22415
2000-06-23,44.260565
2000-06-26,44.556066
2000-06-27,44.119242
2000-06-28,44.556066
2000-06-29,43.682418
2000-06-30,44.556066
2000-07-03,44.864413
2000-07-05,43.425463
2000-07-06,44.093547
2000-07-07,44.813022
2000-07-10,44.324807
2000-07-11,43.965069
2000-07-12,45.095673
2000-07-13,45.969321
2000-07-14,46.817274
2000-07-17,47.202707
2000-07-18,46.251972
2000-07-19,45.22415
2000-07-20,46.174885
2000-07-21,45.172759
2000-07-24,44.067851
2000-07-25,44.813022
2000-07-26,44.222024
2000-07-27,42.937247
2000-07-28,41.344124
2000-07-31,42.192077
2000-08-01,41.703861
2000-08-02,41.523993
2000-08-03,42.320554
2000-08-04,42.320554
2000-08-07,43.194203
2000-08-08,43.271289
2000-08-09,43.425463
2000-08-10,42.500423
2000-08-11,42.654596
2000-08-14,43.528245
2000-08-15,43.631027
2000-08-16,43.682418
2000-08-17,44.504675
2000-08-18,44.556066
2000-08-21,44.761631
2000-08-22,44.761631
2000-08-23,45.198455
2000-08-24,45.622434
2000-08-25,45.468261
2000-08-28,45.840843
2000-08-29,45.892234
2000-08-30,45.583888
2000-08-31,46.483232
2000-09-01,46.508927
2000-09-05,45.45541
2000-09-06,44.299111
2000-09-07,45.018586
2000-09-08,43.579636
2000-09-11,42.449032
2000-09-12,41.832339
2000-09-13,42.243468
2000-09-14,42.474728
2000-09-15,41.742402
2000-09-18,40.804518
2000-09-19,42.397641
2000-09-20,42.551814
2000-09-21,41.678166
2000-09-22,40.496171
2000-09-25,39.648218
2000-09-26,38.81311
2000-09-27,38.54331
2000-09-28,39.879478
2000-09-29,38.132181
2000-10-02,37.84953
2000-10-03,36.847404
2000-10-04,37.83668
2000-10-05,37.297079
2000-10-06,36.526213
2000-10-09,36.320649
2000-10-10,35.254281
2000-10-11,34.123677
2000-10-12,32.941682
2000-10-13,35.716801
2000-10-16,35.151499
2000-10-17,34.226459
2000-10-18,33.686853
2000-10-19,36.680387
2000-10-20,37.232837
2000-10-23,37.001578
2000-10-24,36.282102
2000-10-25,33.725393
2000-10-26,34.534806
2000-10-27,34.830308
2000-10-30,34.354937
2000-10-31,35.94806
2000-11-01,35.254281
2000-11-02,36.166476
2000-11-03,36.436276
2000-11-06,35.870974
2000-11-07,36.127929
2000-11-08,34.226459
2000-11-09,33.725393
2000-11-10,31.86247
2000-11-13,31.759687
2000-11-14,33.481289
2000-11-15,33.712548
2000-11-16,32.633336
2000-11-17,32.890291
2000-11-20,31.554123
2000-11-21,31.708296
2000-11-22,30.551997
2000-11-24,31.759687
2000-11-27,31.579819
2000-11-28,30.307893
2000-11-29,30.166564
2000-11-30,28.57344
2000-12-01,28.946023
2000-12-04,28.779005
2000-12-05,31.502732
2000-12-06,30.629084
2000-12-07,29.614107
2000-12-08,30.988821
2000-12-11,32.157971
2000-12-12,31.502732
2000-12-13,30.166564
2000-12-14,29.704044
2000-12-15,28.522049
2000-12-18,27.956748
2000-12-19,27.13449
2000-12-20,25.104543
2000-12-21,25.181629
2000-12-22,26.916081
2000-12-26,26.466406
2000-12-27,26.723362
2000-12-28,26.594884
2000-12-29,25.746931
2001-01-02,24.25659
2001-01-03,28.162312
2001-01-04,28.444963
2001-01-05,26.723362
2001-01-08,26.646275
2001-01-09,27.237272
2001-01-10,28.05953
2001-01-11,29.241525
2001-01-12,28.8047
2001-01-16,28.470658
2001-01-17,29.344307
2001-01-18,30.886039
2001-01-19,31.310012
2001-01-22,30.731866
2001-01-23,31.245777
2001-01-24,31.63121
2001-01-25,30.526302
2001-01-26,30.731866
2001-01-29,31.377338
2001-01-30,31.451341
2001-01-31,30.670196
2001-02-01,30.65375
2001-02-02,29.305249
2001-02-05,29.124351
2001-02-06,29.297028
2001-02-07,28.540549
2001-02-08,28.1212
2001-02-09,26.822032
2001-02-12,27.052266
2001-02-13,26.591801
2001-02-14,27.216715
2001-02-15,28.038972
2001-02-16,26.30401
2001-02-20,24.889728
2001-02-21,24.25659
2001-02-22,24.297702
2001-02-23,24.116806
2001-02-26,24.503266
2001-02-27,23.565894
2001-02-28,23.031427
2001-03-01,23.681009
2001-03-02,22.858752
2001-03-05,23.352106
2001-03-06,24.338816
2001-03-07,24.371705
2001-03-08,23.886573
2001-03-09,22.324285
2001-03-12,21.132013
2001-03-13,22.184501
2001-03-14,21.641811
2001-03-15,21.386912
2001-03-16,20.918226
2001-03-19,21.567808
2001-03-20,20.531764
2001-03-21,20.630435
2001-03-22,21.576031
2001-03-23,22.036494
2001-03-26,21.748706
2001-03-27,22.447623
2001-03-28,20.786665
2001-03-29,20.51532
2001-03-30,20.39198
2001-04-02,19.898627
2001-04-03,18.566569
2001-04-04,18.212998
2001-04-05,20.137081
2001-04-06,19.199708
2001-04-09,19.249043
2001-04-10,20.539986
2001-04-11,21.28824
2001-04-12,21.822709
2001-04-16,21.296463
2001-04-17,21.518473
2001-04-18,23.475445
2001-04-19,24.955509
2001-04-20,24.667718
2001-04-23,23.302771
2001-04-24,22.940978
2001-04-25,23.343884
2001-04-26,23.014981
2001-04-27,23.32744
2001-04-30,23.689232
2001-05-01,24.25659
2001-05-02,24.741722
2001-05-03,23.952354
2001-05-04,24.297702
2001-05-07,24.273035
2001-05-08,24.379928
2001-05-09,24.042803
2001-05-10,23.689232
2001-05-11,23.434332
2001-05-14,23.10543
2001-05-15,23.064316
2001-05-16,24.00169
2001-05-17,24.141474
2001-05-18,24.248367
2001-05-21,25.325524
2001-05-22,25.276189
2001-05-23,24.659496
2001-05-24,24.848614
2001-05-25,24.379928
2001-05-29,23.467224
2001-05-30,22.513404
2001-05-31,22.718968
2001-06-01,23.10543
2001-06-04,23.056095
2001-06-05,23.968799
2001-06-06,23.738568
2001-06-07,24.412819
2001-06-08,23.870129
2001-06-11,23.475445
2001-06-12,23.294549
2001-06-13,22.768305
2001-06-14,21.95427
2001-06-15,21.748706
2001-06-18,21.206016
2001-06-19,21.28824
2001-06-20,21.51025
2001-06-21,21.913156
2001-06-22,21.707592
2001-06-25,22.020051
2001-06-26,22.143389
2001-06-27,22.192724
2001-06-28,22.628521
2001-06-29,23.162988
2001-07-02,23.146542
2001-07-03,23.064316
2001-07-05,22.324285
2001-07-06,21.296463
2001-07-09,21.567808
2001-07-10,20.910003
2001-07-11,21.016896
2001-07-12,22.414734
2001-07-13,22.480514
2001-07-16,21.937824
2001-07-17,22.200947
2001-07-18,21.354021
2001-07-19,21.748706
2001-07-20,21.625366
2001-07-23,21.099122
2001-07-24,20.819554
2001-07-25,21.263574
2001-07-26,21.66648
2001-07-27,21.633589
2001-07-30,21.567808
2001-07-31,21.559585
2001-08-01,22.135166
2001-08-02,22.439402
2001-08-03,22.118721
2001-08-06,21.847376
2001-08-07,21.724037
2001-08-08,21.025118
2001-08-09,21.033341
2001-08-10,21.000452
2001-08-13,21.082676
2001-08-14,20.811331
2001-08-15,20.342645
2001-08-16,20.449539
2001-08-17,19.841067
2001-08-20,19.97263
2001-08-21,19.388827
2001-08-22,19.586168
2001-08-23,19.569723
2001-08-24,20.523541
2001-08-27,20.474206
2001-08-28,19.906848
2001-08-29,19.52861
2001-08-30,18.772134
2001-08-31,18.928363
2001-09-04,18.517234
2001-09-05,18.361005
2001-09-06,17.489413
2001-09-07,17.283848
2001-09-10,17.653863
2001-09-17,16.527372
2001-09-18,16.379365
2001-09-19,16.231359
2001-09-20,15.524217
2001-09-21,15.080199
2001-09-24,15.927124
2001-09-25,16.075129
2001-09-26,15.53244
2001-09-27,15.409101
2001-09-28,15.828453
2001-10-01,15.622888
2001-10-02,15.606443
2001-10-03,16.65071
2001-10-04,17.004281
2001-10-05,16.996058
2001-10-08,17.111174
2001-10-09,16.71649
2001-10-10,17.234512
2001-10-11,18.064992
2001-10-12,18.02388
2001-10-15,17.900541
2001-10-16,18.08966
2001-10-17,17.267403
2001-10-18,17.226291
2001-10-19,17.456522
2001-10-22,17.86765
2001-10-23,17.884096
2001-10-24,18.106106
2001-10-25,18.541901
2001-10-26,18.566569
2001-10-29,17.678532
2001-10-30,17.316738
2001-10-31,17.555193
2001-11-01,18.163663
2001-11-02,18.188332
2001-11-05,18.747465
2001-11-06,19.405272
2001-11-07,19.323046
2001-11-08,19.421718
2001-11-09,19.347714
2001-11-12,19.495719
2001-11-13,20.186416
2001-11-14,20.29331
2001-11-15,20.169972
2001-11-16,20.104191
2001-11-19,20.523541
2001-11-20,19.947962
2001-11-21,19.75062
2001-11-23,20.054855
2001-11-26,20.400203
2001-11-27,20.334422
2001-11-28,19.693062
2001-11-29,20.219307
2001-11-30,20.178194
2001-12-03,19.890404
2001-12-04,20.51532
2001-12-05,21.502028
2001-12-06,21.44447
2001-12-07,21.049787
2001-12-10,20.589323
2001-12-11,20.737328
2001-12-12,20.819554
2001-12-13,20.079523
2001-12-14,20.161749
2001-12-17,20.548209
2001-12-18,20.630435
2001-12-19,20.334422
2001-12-20,19.635503
2001-12-21,19.898627
2001-12-24,19.824624
2001-12-26,19.980851
2001-12-27,20.153526
2001-12-28,20.194638
2001-12-31,19.734175
2002-01-02,20.227529
2002-01-03,21.115567
2002-01-04,21.247128
2002-01-07,21.016896
2002-01-08,21.173125
2002-01-09,21.008673
2002-01-10,20.836
2002-01-11,20.638658
2002-01-14,20.317977
2002-01-15,20.449539
2002-01-16,19.947962
2002-01-17,20.441316
2002-01-18,19.758843
2002-01-22,19.051701
2002-01-23,19.339492
2002-01-24,19.627282
2002-01-25,19.553279
2002-01-28,19.693062
2002-01-29,18.994143
2002-01-30,19.24082
2002-01-31,19.520388
2002-02-01,19.158594
2002-02-04,18.615904
2002-02-05,18.328116
2002-02-06,18.221221
2002-02-07,17.949876
2002-02-08,18.295224
2002-02-11,18.706353
2002-02-12,18.402117
2002-02-13,18.69813
2002-02-14,18.500789
2002-02-15,17.966322
2002-02-19,17.333183
2002-02-20,17.54697
2002-02-21,16.732936
2002-02-22,16.839829
2002-02-25,17.407187
2002-02-26,17.300294
2002-02-27,17.176954
2002-02-28,16.979613
2002-03-01,17.834761
2002-03-04,18.484343
2002-03-05,18.541901
2002-03-06,18.722799
2002-03-07,18.657018
2002-03-08,19.150373
2002-03-11,19.207931
2002-03-12,18.796802
2002-03-13,18.303447
2002-03-14,18.08966
2002-03-15,18.221221
2002-03-18,18.278779
2002-03-19,18.352782
2002-03-20,17.793647
2002-03-21,18.147218
2002-03-22,17.884096
2002-03-25,17.48119
2002-03-26,17.612751
2002-03-27,17.604528
2002-03-28,17.818315
2002-04-01,18.015657
2002-04-02,17.489413
2002-04-03,17.218068
2002-04-04,17.292071
2002-04-05,17.020726
2002-04-08,16.9385
2002-04-09,16.510926
2002-04-10,16.560261
2002-04-11,16.009349
2002-04-12,16.280694
2002-04-15,16.321807
2002-04-16,17.061839
2002-04-17,17.127619
2002-04-18,16.946723
2002-04-19,16.897386
2002-04-22,16.478037
2002-04-23,16.14091
2002-04-24,15.894233
2002-04-25,16.001126
2002-04-26,15.458436
2002-04-29,15.359766
2002-04-30,15.664001
2002-05-01,15.53244
2002-05-02,15.137756
2002-05-03,14.775963
2002-05-06,14.356611
2002-05-07,14.356611
2002-05-08,15.844898
2002-05-09,15.326875
2002-05-10,14.800631
2002-05-13,15.384433
2002-05-14,16.124466
2002-05-15,16.075129
2002-05-16,16.313585
2002-05-17,16.395811
2002-05-20,15.968236
2002-05-21,15.573553
2002-05-22,15.762672
2002-05-23,15.88601
2002-05-24,15.540662
2002-05-28,15.400878
2002-05-29,15.113088
2002-05-30,15.187091
2002-05-31,15.014418
2002-06-03,14.570398
2002-06-04,14.775963
2002-06-05,14.95686
2002-06-06,14.595067
2002-06-07,14.274387
2002-06-10,14.142826
2002-06-11,13.830367
2002-06-12,14.109935
2002-06-13,13.871481
2002-06-14,13.846813
2002-06-17,14.315499
2002-06-18,14.15927
2002-06-19,13.600136
2002-06-20,13.287678
2002-06-21,12.909439
2002-06-24,13.131449
2002-06-25,12.679207
2002-06-26,12.68743
2002-06-27,13.024555
2002-06-28,13.00811
2002-07-01,12.457197
2002-07-02,12.087182
2002-07-03,12.531201
2002-07-05,13.205451
2002-07-08,12.810768
2002-07-09,12.62165
2002-07-10,12.284523
2002-07-11,12.736765
2002-07-12,12.679207
2002-07-15,12.925885
2002-07-16,12.777878
2002-07-17,12.868326
2002-07-18,12.596981
2002-07-19,12.202298
2002-07-22,11.560938
2002-07-23,10.985357
2002-07-24,11.552715
2002-07-25,10.862019
2002-07-26,11.010025
2002-07-29,11.659608
2002-07-30,11.840505
2002-07-31,11.774724
2002-08-01,11.256702
2002-08-02,11.018247
2002-08-05,10.541338
2002-08-06,10.985357
2002-08-07,11.182699
2002-08-08,11.593828
2002-08-09,11.552715
2002-08-12,11.445821
2002-08-13,11.182699
2002-08-14,11.881618
2002-08-15,12.046069
2002-08-16,12.333859
2002-08-19,12.786101
2002-08-20,12.424307
2002-08-21,12.810768
2002-08-22,12.958775
2002-08-23,12.490088
2002-08-26,12.572314
2002-08-27,12.152962
2002-08-28,11.815837
2002-08-29,11.980288
2002-08-30,11.676053
2002-09-03,11.100473
2002-09-04,11.445821
2002-09-05,11.05936
2002-09-06,11.429376
2002-09-09,11.552715
2002-09-10,11.750057
2002-09-11,11.815837
2002-09-12,11.380041
2002-09-13,11.429376
2002-09-16,11.240257
2002-09-17,11.100473
2002-09-18,10.985357
2002-09-19,10.492003
2002-09-20,10.549561
2002-09-23,10.220658
2002-09-24,10.056206
2002-09-25,10.442667
2002-09-26,10.319329
2002-09-27,10.064429
2002-09-30,9.727304
2002-10-01,10.253549
2002-10-02,10.023316
2002-10-03,9.998648
2002-10-04,9.784861
2002-10-07,9.612187
2002-10-08,9.612187
2002-10-09,9.521739
2002-10-10,10.023316
2002-10-11,10.656454
2002-10-14,10.672899
2002-10-15,11.347151
2002-10-16,10.730458
2002-10-17,11.182699
2002-10-18,11.330705
2002-10-21,11.560938
2002-10-22,11.511602
2002-10-23,11.82406
2002-10-24,11.63494
2002-10-25,11.947398
2002-10-28,11.922731
2002-10-29,11.725389
2002-10-30,12.128295
2002-10-31,12.136518
2002-11-01,12.498311
2002-11-04,12.983442
2002-11-05,12.901216
2002-11-06,13.106781
2002-11-07,12.588759
2002-11-08,12.498311
2002-11-11,12.062514
2002-11-12,12.39964
2002-11-13,12.457197
2002-11-14,12.958775
2002-11-15,12.983442
2002-11-18,12.835436
2002-11-19,12.629872
2002-11-20,13.156116
2002-11-21,13.83859
2002-11-22,13.789255
2002-11-25,13.994819
2002-11-26,13.591913
2002-11-27,14.142826
2002-11-29,14.0606
2002-12-02,14.101712
2002-12-03,13.608357
2002-12-04,13.402793
2002-12-05,13.106781
2002-12-06,13.23012
2002-12-09,12.605204
2002-12-10,12.810768
2002-12-11,12.909439
2002-12-12,12.851881
2002-12-13,12.564091
2002-12-16,12.991665
2002-12-17,12.925885
2002-12-18,12.572314
2002-12-19,12.522978
2002-12-20,12.655719
2002-12-23,12.812369
2002-12-24,12.680453
2002-12-26,12.614495
2002-12-27,12.391886
2002-12-30,12.268215
2002-12-31,12.202256
2003-01-02,12.861838
2003-01-03,12.911306
2003-01-06,13.480196
2003-01-07,13.620357
2003-01-08,13.175139
2003-01-09,13.562644
2003-01-10,13.636847
2003-01-13,13.562644
2003-01-14,13.752273
2003-01-15,13.480196
2003-01-16,13.191628
2003-01-17,12.548537
2003-01-21,12.466089
2003-01-22,12.383642
2003-01-23,12.598005
2003-01-24,12.103319
2003-01-27,11.971403
2003-01-28,12.136298
2003-01-29,12.309439
2003-01-30,11.930179
2003-01-31,11.913689
2003-02-03,12.020871
2003-02-04,11.814752
2003-02-05,11.773528
2003-02-06,11.70757
2003-02-07,11.575654
2003-02-10,11.699325
2003-02-11,11.658102
2003-02-12,11.501451
2003-02-13,11.53443
2003-02-14,11.8972
2003-02-18,12.284704
2003-02-19,12.202256
2003-02-20,12.012626
2003-02-21,12.161032
2003-02-24,11.954913
2003-02-25,11.987892
2003-02-26,11.674591
2003-02-27,11.790018
2003-02-28,11.971403
2003-03-03,11.765284
2003-03-04,11.633367
2003-03-05,11.748794
2003-03-06,11.600388
2003-03-07,11.542675
2003-03-10,11.303577
2003-03-11,11.245864
2003-03-12,11.394269
2003-03-13,12.004382
2003-03-14,12.045605
2003-03-17,12.598005
2003-03-18,12.655719
2003-03-19,12.630984
2003-03-20,12.614495
2003-03-21,12.804124
2003-03-24,12.284704
2003-03-25,12.457844
2003-03-26,12.416621
2003-03-27,12.27646
2003-03-28,12.119808
2003-03-31,11.790018
2003-04-01,11.930179
2003-04-02,12.441355
2003-04-03,12.408376
2003-04-04,12.268215
2003-04-07,12.301194
2003-04-08,12.177522
2003-04-09,11.913689
2003-04-10,11.987892
2003-04-11,11.88071
2003-04-14,12.169277
2003-04-15,12.194012
2003-04-16,12.284704
2003-04-17,12.540292
2003-04-21,12.490823
2003-04-22,12.7629
2003-04-23,12.977264
2003-04-24,12.861838
2003-04-25,12.62274
2003-04-28,12.886572
2003-04-29,13.018488
2003-04-30,12.870082
2003-05-01,12.993754
2003-05-02,13.265831
2003-05-05,13.232852
2003-05-06,13.471951
2003-05-07,13.307055
2003-05-08,13.092691
2003-05-09,13.455461
2003-05-12,13.66158
2003-05-13,13.636847
2003-05-14,13.587377
2003-05-15,13.727538
2003-05-16,13.603867
2003-05-19,13.10918
2003-05-20,13.133915
2003-05-21,13.150404
2003-05-22,13.290566
2003-05-23,13.307055
2003-05-27,13.653335
2003-05-28,13.744028
2003-05-29,13.777006
2003-05-30,13.974882
2003-06-02,13.900679
2003-06-03,14.02435
2003-06-04,14.321162
2003-06-05,14.321162
2003-06-06,14.181001
2003-06-09,13.974882
2003-06-10,14.172756
2003-06-11,14.263448
2003-06-12,14.329406
2003-06-13,14.016105
2003-06-16,14.362386
2003-06-17,14.428344
2003-06-18,14.568505
2003-06-19,14.461323
2003-06-20,14.444834
2003-06-23,14.156266
2003-06-24,14.098553
2003-06-25,13.958392
2003-06-26,14.222224
2003-06-27,14.115043
2003-06-30,14.073818
2003-07-01,14.271693
2003-07-02,14.568505
2003-07-03,14.395364
2003-07-07,14.89005
2003-07-08,15.005478
2003-07-09,14.988988
2003-07-10,14.642708
2003-07-11,14.848827
2003-07-14,14.914785
2003-07-15,14.93952
2003-07-16,14.89005
2003-07-17,14.436589
2003-07-18,14.469567
2003-07-21,14.148021
2003-07-22,14.453078
2003-07-23,14.535525
2003-07-24,14.329406
2003-07-25,14.634463
2003-07-28,14.659198
2003-07-29,14.519037
2003-07-30,14.411854
2003-07-31,14.510792
2003-08-01,14.436589
2003-08-04,14.56026
2003-08-05,14.19749
2003-08-06,14.065573
2003-08-07,14.02435
2003-08-08,14.00786
2003-08-11,14.073818
2003-08-12,14.288183
2003-08-13,14.263448
2003-08-14,14.38712
2003-08-15,14.321162
2003-08-18,14.741644
2003-08-19,14.93952
2003-08-20,14.857072
2003-08-21,14.997233
2003-08-22,14.972498
2003-08-25,14.881805
2003-08-26,14.964253
2003-08-27,15.063191
2003-08-28,15.153882
2003-08-29,15.203352
2003-09-02,15.533143
2003-09-03,15.698039
2003-09-04,15.846443
2003-09-05,15.763997
2003-09-08,16.052562
2003-09-09,15.879423
2003-09-10,15.409471
2003-09-11,15.590856
2003-09-12,15.607346
2003-09-15,15.516653
2003-09-16,15.912401
2003-09-17,15.887668
2003-09-18,16.110277
2003-09-19,16.126765
2003-09-22,15.82171
2003-09-23,15.912401
2003-09-24,15.368247
2003-09-25,15.25282
2003-09-26,15.170372
2003-09-29,15.417716
2003-09-30,15.071436
2003-10-01,15.401226
2003-10-02,15.368247
2003-10-03,15.838198
2003-10-06,15.920646
2003-10-07,16.027829
2003-10-08,15.912401
2003-10-09,15.978359
2003-10-10,16.110277
2003-10-13,16.159745
2003-10-14,16.11852
2003-10-15,16.217458
2003-10-16,16.275171
2003-10-17,16.011339
2003-10-20,16.200968
2003-10-21,16.291661
2003-10-22,16.052562
2003-10-23,15.928891
2003-10-24,15.689794
2003-10-27,15.77224
2003-10-28,16.1515
2003-10-29,16.176235
2003-10-30,16.159745
2003-10-31,16.176235
2003-11-03,16.555494
2003-11-04,16.415333
2003-11-05,16.464801
2003-11-06,16.596717
2003-11-07,16.530759
2003-11-10,16.316396
2003-11-11,16.275171
2003-11-12,16.621452
2003-11-13,16.481291
2003-11-14,16.258682
2003-11-17,16.036074
2003-11-18,15.838198
2003-11-19,16.011339
2003-11-20,15.763997
2003-11-21,15.895913
2003-11-24,16.299906
2003-11-25,16.283416
2003-11-26,16.349374
2003-11-28,16.407088
2003-12-01,16.571984
2003-12-02,16.497781
2003-12-03,16.440067
2003-12-04,16.646187
2003-12-05,16.349374
2003-12-08,16.390598
2003-12-09,16.036074
2003-12-10,16.126765
2003-12-11,16.431822
2003-12-12,16.448312
2003-12-15,16.242193
2003-12-16,16.32464
2003-12-17,16.299906
2003-12-18,16.571984
2003-12-19,16.514692
2003-12-22,16.539602
2003-12-23,16.67245
2003-12-24,16.639239
2003-12-26,16.67245
2003-12-29,16.971359
2003-12-30,16.946449
2003-12-31,16.921539
2004-01-02,17.00457
2004-01-05,17.419721
2004-01-06,17.577478
2004-01-07,17.660509
2004-01-08,18.009235
2004-01-09,17.768447
2004-01-12,18.042447
2004-01-13,17.785054
2004-01-14,18.000932
2004-01-15,18.075659
2004-01-16,18.308143
2004-01-20,18.349659
2004-01-21,18.208507
2004-01-22,18.034143
2004-01-23,17.976022
2004-01-26,18.308143
2004-01-27,18.02584
2004-01-28,17.726933
2004-01-29,17.635599
2004-01-30,17.643902
2004-02-02,17.643902
2004-02-03,17.668812
2004-02-04,17.237055
2004-02-05,17.261964
2004-02-06,17.627296
2004-02-09,17.494448
2004-02-10,17.635599
2004-02-11,17.77675
2004-02-12,17.610689
2004-02-13,17.502751
2004-02-17,17.760144
2004-02-18,17.677115
2004-02-19,17.411417
2004-02-20,17.328389
2004-02-23,17.095904
2004-02-24,17.11251
2004-02-25,17.245358
2004-02-26,17.286872
2004-02-27,17.195539
2004-03-01,17.403114
2004-03-02,17.33669
2004-03-03,17.253661
2004-03-04,17.403114
2004-03-05,17.270266
2004-03-08,16.896631
2004-03-09,16.896631
2004-03-10,16.597722
2004-03-11,16.415057
2004-03-12,16.738874
2004-03-15,16.42336
2004-03-16,16.522995
2004-03-17,16.730571
2004-03-18,16.622632
2004-03-19,16.39845
2004-03-22,16.132754
2004-03-23,16.107845
2004-03-24,16.190875
2004-03-25,16.705663
2004-03-26,16.606026
2004-03-29,16.821904
2004-03-30,16.846814
2004-03-31,16.738874
2004-04-01,16.913238
2004-04-02,17.33669
2004-04-05,17.486145
2004-04-06,17.303479
2004-04-07,17.195539
2004-04-08,17.228752
2004-04-12,17.270266
2004-04-13,17.054389
2004-04-14,17.037783
2004-04-15,16.838511
2004-04-16,16.680753
2004-04-19,16.871722
2004-04-20,16.506389
2004-04-21,16.75548
2004-04-22,17.012873
2004-04-23,17.237055
2004-04-26,17.02948
2004-04-27,16.979662
2004-04-28,16.689056
2004-04-29,16.439965
2004-04-30,16.099541
2004-05-03,16.190875
2004-05-04,16.348633
2004-05-05,16.431663
2004-05-06,16.356936
2004-05-07,16.273905
2004-05-10,16.207481
2004-05-11,16.42336
2004-05-12,16.373541
2004-05-13,16.373541
2004-05-14,16.149361
2004-05-17,15.974997
2004-05-18,16.132754
2004-05-19,16.207481
2004-05-20,16.199178
2004-05-21,16.248996
2004-05-24,16.273905
2004-05-25,16.581116
2004-05-26,16.547905
2004-05-27,16.64754
2004-05-28,16.730571
2004-06-01,16.614329
2004-06-02,16.614329
2004-06-03,16.39845
2004-06-04,16.556208
2004-06-07,16.938146
2004-06-08,17.02948
2004-06-09,16.838511
2004-06-10,16.929843
2004-06-14,16.697359
2004-06-15,16.946449
2004-06-16,16.871722
2004-06-17,16.680753
2004-06-18,16.713964
2004-06-21,16.639239
2004-06-22,16.813601
2004-06-23,17.046086
2004-06-24,16.963056
2004-06-25,17.02948
2004-06-28,16.896631
2004-06-29,17.070994
2004-06-30,17.187237
2004-07-01,16.871722
2004-07-02,16.689056
2004-07-06,16.332026
2004-07-07,16.439965
2004-07-08,16.165965
2004-07-09,16.298814
2004-07-12,16.273905
2004-07-13,16.199178
2004-07-14,15.941785
2004-07-15,15.858755
2004-07-16,15.692694
2004-07-19,15.742512
2004-07-20,15.999906
2004-07-21,15.759118
2004-07-22,15.925179
2004-07-23,15.65118
2004-07-26,15.742512
2004-07-27,15.891966
2004-07-28,15.883663
2004-07-29,16.107845
2004-07-30,16.141057
2004-08-02,16.182572
2004-08-03,15.916876
2004-08-04,15.941785
2004-08-05,15.700997
2004-08-06,15.227726
2004-08-09,15.327361
2004-08-10,15.593059
2004-08-11,15.202816
2004-08-12,14.903909
2004-08-13,14.986938
2004-08-16,15.119786
2004-08-17,15.219422
2004-08-18,15.468512
2004-08-19,15.418695
2004-08-20,15.493422
2004-08-23,15.568149
2004-08-24,15.485119
2004-08-25,15.659483
2004-08-26,15.576452
2004-08-27,15.642876
2004-08-30,15.485119
2004-08-31,15.426998
2004-09-01,15.543239
2004-09-02,15.725907
2004-09-03,15.385483
2004-09-07,15.451907
2004-09-08,15.468512
2004-09-09,15.700997
2004-09-10,15.966693
2004-09-13,16.041421
2004-09-14,16.107845
2004-09-15,15.850452
2004-09-16,15.883663
2004-09-17,15.991603
2004-09-20,16.049724
2004-09-21,16.107845
2004-09-22,15.842148
2004-09-23,15.883663
2004-09-24,15.750815
2004-09-27,15.609664
2004-09-28,15.65118
2004-09-29,15.817239
2004-09-30,15.875361
2004-10-01,16.273905
2004-10-04,16.406754
2004-10-05,16.522995
2004-10-06,16.630935
2004-10-07,16.456571
2004-10-08,16.224088
2004-10-11,16.273905
2004-10-12,16.232389
2004-10-13,16.174269
2004-10-14,16.049724
2004-10-15,16.149361
2004-10-18,16.31542
2004-10-19,16.31542
2004-10-20,16.34033
2004-10-21,16.481481
2004-10-22,16.124451
2004-10-25,16.099541
2004-10-26,16.132754
2004-10-27,16.522995
2004-10-28,16.564511
2004-10-29,16.572813
2004-11-01,16.705663
2004-11-02,16.730571
2004-11-03,16.821904
2004-11-04,17.012873
2004-11-05,17.162328
2004-11-08,17.187237
2004-11-09,17.178934
2004-11-10,17.02948
2004-11-11,17.245358
2004-11-12,17.486145
2004-11-15,17.585781
2004-11-16,17.452933
2004-11-17,17.652206
2004-11-18,17.71863
2004-11-19,17.44463
2004-11-22,17.46954
2004-11-23,17.394813
2004-11-24,17.535964
2004-11-26,17.511054
2004-11-29,17.519357
2004-11-30,17.419721
2004-12-01,17.77675
2004-12-02,17.826568
2004-12-03,17.951114
2004-12-06,18.02584
2004-12-07,17.785054
2004-12-08,17.768447
2004-12-09,17.760144
2004-12-10,17.668812
2004-12-13,17.876387
2004-12-14,17.909598
2004-12-15,17.909598
2004-12-16,17.834871
2004-12-17,17.748499
2004-12-20,17.646887
2004-12-21,17.841646
2004-12-22,17.875518
2004-12-23,17.917856
2004-12-27,17.807775
2004-12-28,17.90092
2004-12-29,17.90092
2004-12-30,17.909388
2004-12-31,17.875518
2005-01-03,17.723097
2005-01-04,17.392853
2005-01-05,17.333578
2005-01-06,17.282771
2005-01-07,17.316643
2005-01-10,17.316643
2005-01-11,17.147287
2005-01-12,17.240433
2005-01-13,17.071076
2005-01-14,17.121883
2005-01-18,17.308175
2005-01-19,16.94406
2005-01-20,16.825511
2005-01-21,16.706961
2005-01-24,16.571476
2005-01-25,16.59688
2005-01-26,16.766235
2005-01-27,16.749301
2005-01-28,16.749301
2005-01-31,16.867849
2005-02-01,16.969464
2005-02-02,16.97793
2005-02-03,16.867849
2005-02-04,17.155755
2005-02-07,17.104948
2005-02-08,17.189625
2005-02-09,16.893253
2005-02-10,16.927124
2005-02-11,17.088012
2005-02-14,17.121883
2005-02-15,17.206561
2005-02-16,17.147287
2005-02-17,16.867849
2005-02-18,16.833977
2005-02-22,16.740833
2005-02-23,16.690025
2005-02-24,16.833977
2005-02-25,16.94406
2005-02-28,16.893253
2005-03-01,17.09648
2005-03-02,17.05414
2005-03-03,16.927124
2005-03-04,17.037206
2005-03-07,17.164223
2005-03-08,17.02027
2005-03-09,16.986398
2005-03-10,17.062608
2005-03-11,16.842445
2005-03-14,16.910188
2005-03-15,16.740833
2005-03-16,16.571476
2005-03-17,16.563008
2005-03-18,16.469864
2005-03-21,16.469864
2005-03-22,16.325911
2005-03-23,16.393653
2005-03-24,16.402121
2005-03-28,16.419056
2005-03-29,16.292039
2005-03-30,16.537606
2005-03-31,16.563008
2005-04-01,16.419056
2005-04-04,16.47833
2005-04-05,16.512202
2005-04-06,16.486798
2005-04-07,16.706961
2005-04-08,16.588412
2005-04-11,16.495266
2005-04-12,16.59688
2005-04-13,16.359781
2005-04-14,16.13115
2005-04-15,15.640018
2005-04-18,15.656954
2005-04-19,15.851713
2005-04-20,15.707761
2005-04-21,16.13115
2005-04-22,15.936392
2005-04-25,16.046474
2005-04-26,15.936392
2005-04-27,15.995666
2005-04-28,15.834779
2005-04-29,15.978731
2005-05-02,15.961795
2005-05-03,16.071876
2005-05-04,16.181958
2005-05-05,16.156554
2005-05-06,16.198893
2005-05-09,16.266635
2005-05-10,16.09728
2005-05-11,16.17349
2005-05-12,16.190426
2005-05-13,16.393653
2005-05-16,16.546074
2005-05-17,16.605348
2005-05-18,16.842445
2005-05-19,16.935592
2005-05-20,16.960996
2005-05-23,17.02027
2005-05-24,17.104948
2005-05-25,17.028738
2005-05-26,17.223497
2005-05-27,17.198093
2005-05-31,17.088012
2005-06-01,17.257367
2005-06-02,17.333578
2005-06-03,17.147287
2005-06-06,17.121883
2005-06-07,17.05414
2005-06-08,17.088012
2005-06-09,17.172691
2005-06-10,17.079544
2005-06-13,17.147287
2005-06-14,17.045672
2005-06-15,17.147287
2005-06-16,17.181159
2005-06-17,17.189625
2005-06-20,17.164223
2005-06-21,17.240433
2005-06-22,17.274303
2005-06-23,17.138819
2005-06-24,16.927124
2005-06-27,16.791639
2005-06-28,17.003334
2005-06-29,17.028738
2005-06-30,16.867849
2005-07-01,16.910188
2005-07-05,17.02027
2005-07-06,16.97793
2005-07-07,17.011802
2005-07-08,17.316643
2005-07-11,17.494466
2005-07-12,17.587612
2005-07-13,17.663823
2005-07-14,17.816243
2005-07-15,17.807775
2005-07-18,17.706161
2005-07-19,17.968662
2005-07-20,17.909388
2005-07-21,17.790839
2005-07-22,17.748499
2005-07-25,17.655355
2005-07-26,17.790839
2005-07-27,17.909388
2005-07-28,17.917856
2005-07-29,17.82471
2005-08-01,17.833178
2005-08-02,18.011002
2005-08-03,18.129551
2005-08-04,17.960194
2005-08-05,17.917856
2005-08-08,17.773903
2005-08-09,17.909388
2005-08-10,17.706161
2005-08-11,17.841646
2005-08-12,17.604548
2005-08-15,17.697693
2005-08-16,17.528338
2005-08-17,17.680757
2005-08-18,17.562208
2005-08-19,17.579144
2005-08-22,17.613015
2005-08-23,17.604548
2005-08-24,17.494466
2005-08-25,17.502934
2005-08-26,17.44366
2005-08-29,17.562208
2005-08-30,17.562208
2005-08-31,17.655355
2005-09-01,17.613015
2005-09-02,17.562208
2005-09-06,17.765435
2005-09-07,17.765435
2005-09-08,17.807775
2005-09-09,17.82471
2005-09-12,17.86705
2005-09-13,17.883986
2005-09-14,17.697693
2005-09-15,17.655355
2005-09-16,17.765435
2005-09-19,17.621483
2005-09-20,17.55374
2005-09-21,17.342046
2005-09-22,17.409788
2005-09-23,17.418256
2005-09-26,17.392853
2005-09-27,17.333578
2005-09-28,17.44366
2005-09-29,17.579144
2005-09-30,17.697693
2005-10-03,17.672291
2005-10-04,17.511402
2005-10-05,17.265835
2005-10-06,17.071076
2005-10-07,17.113415
2005-10-10,16.994866
2005-10-11,16.867849
2005-10-12,16.757769
2005-10-13,16.876317
2005-10-14,16.94406
2005-10-17,16.927124
2005-10-18,16.893253
2005-10-19,17.104948
2005-10-20,16.97793
2005-10-21,17.079544
2005-10-24,17.299707
2005-10-25,17.181159
2005-10-26,17.138819
2005-10-27,16.952528
2005-10-28,17.113415
2005-10-31,17.291239
2005-11-01,17.257367
2005-11-02,17.452128
2005-11-03,17.613015
2005-11-04,17.689225
2005-11-07,17.723097
2005-11-08,17.731565
2005-11-09,17.714629
2005-11-10,17.86705
2005-11-11,17.909388
2005-11-14,17.926324
2005-11-15,17.86705
2005-11-16,17.934792
2005-11-17,18.146487
2005-11-18,18.248099
2005-11-21,18.239633
2005-11-22,18.358182
2005-11-23,18.459794
2005-11-25,18.510602
2005-11-28,18.44286
2005-11-29,18.44286
2005-11-30,18.383584
2005-12-01,18.663023
2005-12-02,18.646087
2005-12-05,18.552941
2005-12-06,18.578345
2005-12-07,18.544473
2005-12-08,18.408988
2005-12-09,18.47673
2005-12-12,18.527537
2005-12-13,18.468262
2005-12-14,18.493666
2005-12-15,18.417456
2005-12-16,18.390174
2005-12-19,18.168502
2005-12-20,18.100296
2005-12-21,18.117348
2005-12-22,18.202606
2005-12-23,18.236709
2005-12-27,18.083244
2005-12-28,18.040616
2005-12-29,17.938307
2005-12-30,17.818944
2006-01-03,18.168502
2006-01-04,18.381648
2006-01-05,18.466906
2006-01-06,18.756784
2006-01-09,18.816464
2006-01-10,18.799412
2006-01-11,18.978455
2006-01-12,18.876145
2006-01-13,18.867619
2006-01-17,18.680051
2006-01-18,18.45838
2006-01-19,18.620371
2006-01-20,18.1344
2006-01-23,18.066194
2006-01-24,18.125874
2006-01-25,18.185554
2006-01-26,18.304915
2006-01-27,18.509535
2006-01-30,18.569217
2006-01-31,18.415752
2006-02-01,18.526587
2006-02-02,18.270813
2006-02-03,18.142926
2006-02-06,18.09177
2006-02-07,18.040616
2006-02-08,18.390174
2006-02-09,18.304915
2006-02-10,18.449854
2006-02-13,18.279339
2006-02-14,18.526587
2006-02-15,18.628897
2006-02-16,18.799412
2006-02-17,18.697103
2006-02-21,18.492484
2006-02-22,18.586267
2006-02-23,18.492484
2006-02-24,18.50101
2006-02-27,18.671525
2006-02-28,18.45838
2006-03-01,18.82499
2006-03-02,18.867619
2006-03-03,18.756784
2006-03-06,18.680051
2006-03-07,18.560691
2006-03-08,18.543639
2006-03-09,18.432804
2006-03-10,18.518061
2006-03-13,18.586267
2006-03-14,18.799412
2006-03-15,18.910249
2006-03-16,18.790888
2006-03-17,18.850568
2006-03-20,18.884671
2006-03-21,18.807938
2006-03-22,18.816464
2006-03-23,18.773836
2006-03-24,18.833516
2006-03-27,18.859094
2006-03-28,18.645949
2006-03-29,18.927301
2006-03-30,18.986981
2006-03-31,18.876145
2006-04-03,18.986981
2006-04-04,19.055188
2006-04-05,19.217178
2006-04-06,19.200126
2006-04-07,18.978455
2006-04-10,18.952877
2006-04-11,18.782362
2006-04-12,18.816464
2006-04-13,18.842042
2006-04-17,18.637423
2006-04-18,19.012558
2006-04-19,18.995507
2006-04-20,19.012558
2006-04-21,18.807938
2006-04-24,18.782362
2006-04-25,18.773836
2006-04-26,18.842042
2006-04-27,19.02961
2006-04-28,18.628897
2006-05-01,18.475432
2006-05-02,18.560691
2006-05-03,18.518061
2006-05-04,18.586267
2006-05-05,18.688577
2006-05-08,18.714155
2006-05-09,18.637423
2006-05-10,18.441328
2006-05-11,18.057668
2006-05-12,17.887151
2006-05-15,17.904203
2006-05-16,17.733686
2006-05-17,17.494964
2006-05-18,17.435284
2006-05-19,17.563171
2006-05-22,17.409706
2006-05-23,17.281819
2006-05-24,17.452334
2006-05-25,17.614325
2006-05-26,17.699583
2006-05-30,17.350025
2006-05-31,17.418232
2006-06-01,17.716636
2006-06-02,17.656953
2006-06-05,17.392654
2006-06-06,17.392654
2006-06-07,17.153932
2006-06-08,17.068674
2006-06-09,17.000467
2006-06-12,16.685012
2006-06-13,16.702064
2006-06-14,16.812898
2006-06-15,17.239189
2006-06-16,17.213613
2006-06-19,17.13688
2006-06-20,17.111302
2006-06-21,17.332973
2006-06-22,17.128354
2006-06-23,17.0772
2006-06-26,17.111302
2006-06-27,16.881105
2006-06-28,16.991941
2006-06-29,17.426758
2006-06-30,17.332973
2006-07-03,17.46086
2006-07-05,17.188035
2006-07-06,17.205087
2006-07-07,17.03457
2006-07-10,16.838476
2006-07-11,16.906683
2006-07-12,16.599753
2006-07-13,16.326927
2006-07-14,16.284299
2006-07-17,16.335453
2006-07-18,16.369557
2006-07-19,16.608279
2006-07-20,16.369557
2006-07-21,16.199041
2006-07-24,16.44629
2006-07-25,16.625331
2006-07-26,16.66796
2006-07-27,16.616805
2006-07-28,16.906683
2006-07-31,16.881105
2006-08-01,16.642383
2006-08-02,16.847002
2006-08-03,16.898157
2006-08-04,16.847002
2006-08-07,16.787322
2006-08-08,16.727642
2006-08-09,16.82995
2006-08-10,16.898157
2006-08-11,16.804372
2006-08-14,16.949311
2006-08-15,17.341499
2006-08-16,17.614325
2006-08-17,17.691057
2006-08-18,17.759264
2006-08-21,17.639903
2006-08-22,17.648429
2006-08-23,17.563171
2006-08-24,17.631377
2006-08-25,17.682531
2006-08-28,17.844522
2006-08-29,18.006513
2006-08-30,18.1344
2006-08-31,18.066194
2006-09-01,18.142926
2006-09-05,18.236709
2006-09-06,17.938307
2006-09-07,17.835996
2006-09-08,17.980935
2006-09-11,18.1344
2006-09-12,18.449854
2006-09-13,18.449854
2006-09-14,18.492484
2006-09-15,18.538618
2006-09-18,18.530074
2006-09-19,18.444643
2006-09-20,18.743653
2006-09-21,18.564246
2006-09-22,18.453186
2006-09-25,18.786368
2006-09-26,18.905971
2006-09-27,18.760738
2006-09-28,18.854713
2006-09-29,18.794911
2006-10-02,18.658221
2006-10-03,18.760738
2006-10-04,19.051205
2006-10-05,19.042663
2006-10-06,19.051205
2006-10-09,19.102465
2006-10-10,19.11955
2006-10-11,19.111008
2006-10-12,19.392932
2006-10-13,19.486905
2006-10-16,19.478362
2006-10-17,19.316043
2006-10-18,19.264783
2006-10-19,19.324587
2006-10-20,19.44419
2006-10-23,19.563794
2006-10-24,19.427104
2006-10-25,19.597967
2006-10-26,19.700484
2006-10-27,19.44419
2006-10-30,19.512535
2006-10-31,19.538165
2006-11-01,19.452734
2006-11-02,19.333128
2006-11-03,19.333128
2006-11-06,19.563794
2006-11-07,19.666312
2006-11-08,19.683399
2006-11-09,19.674855
2006-11-10,19.726114
2006-11-13,19.896977
2006-11-14,20.042209
2006-11-15,20.084926
2006-11-16,20.161814
2006-11-17,20.195986
2006-11-20,20.195986
2006-11-21,20.187443
2006-11-22,20.341219
2006-11-24,20.298504
2006-11-27,19.820089
2006-11-28,19.922606
2006-11-29,20.050752
2006-11-30,20.093469
2006-12-01,19.922606
2006-12-04,20.178901
2006-12-05,20.187443
2006-12-06,20.059296
2006-12-07,19.982407
2006-12-08,19.982407
2006-12-11,20.102012
2006-12-12,20.033667
2006-12-13,20.067839
2006-12-14,20.238703
2006-12-15,20.242997
2006-12-18,20.165668
2006-12-19,20.036787
2006-12-20,20.045379
2006-12-21,19.950866
2006-12-22,19.796209
2006-12-26,19.907906
2006-12-27,20.053972
2006-12-28,20.045379
2006-12-29,19.985235
2007-01-03,20.045379
2007-01-04,20.354696
2007-01-05,20.191445
2007-01-08,20.25159
2007-01-09,20.277367
2007-01-10,20.380471
2007-01-11,20.586681
2007-01-12,20.638235
2007-01-16,20.595273
2007-01-17,20.328919
2007-01-18,20.096931
2007-01-19,20.088339
2007-01-22,19.942273
2007-01-23,19.942273
2007-01-24,20.303142
2007-01-25,20.053972
2007-01-26,20.062564
2007-01-29,20.148485
2007-01-30,20.268774
2007-01-31,20.389063
2007-02-01,20.303142
2007-02-02,20.406248
2007-02-05,20.354696
2007-02-06,20.328919
2007-02-07,20.423432
2007-02-08,20.449208
2007-02-09,20.225814
2007-02-12,20.139893
2007-02-13,20.217222
2007-02-14,20.500761
2007-02-15,20.57809
2007-02-16,20.535129
2007-02-20,20.543721
2007-02-21,20.509354
2007-02-22,20.62105
2007-02-23,20.603866
2007-02-26,20.552314
2007-02-27,19.76184
2007-02-28,19.839169
2007-03-01,19.821984
2007-03-02,19.452524
2007-03-05,19.495485
2007-03-06,19.796209
2007-03-07,19.547037
2007-03-08,19.710288
2007-03-09,19.76184
2007-03-12,19.882129
2007-03-13,19.564222
2007-03-14,19.744655
2007-03-15,19.753248
2007-03-16,19.71888
2007-03-19,19.847761
2007-03-20,19.976643
2007-03-21,20.380471
2007-03-22,20.303142
2007-03-23,20.25159
2007-03-26,20.277367
2007-03-27,20.285959
2007-03-28,20.053972
2007-03-29,20.079749
2007-03-30,20.036787
2007-04-02,20.139893
2007-04-03,20.303142
2007-04-04,20.423432
2007-04-05,20.500761
2007-04-09,20.500761
2007-04-10,20.483577
2007-04-11,20.294551
2007-04-12,20.509354
2007-04-13,20.526537
2007-04-16,20.698379
2007-04-17,20.741339
2007-04-18,20.689787
2007-04-19,20.698379
2007-04-20,20.818668
2007-04-23,20.775708
2007-04-24,20.887405
2007-04-25,21.042063
2007-04-26,21.162352
2007-04-27,21.145169
2007-04-30,20.981919
2007-05-01,21.085025
2007-05-02,21.196721
2007-05-03,21.402932
2007-05-04,21.488853
2007-05-07,21.463076
2007-05-08,21.548998
2007-05-09,21.523221
2007-05-10,21.411524
2007-05-11,21.643511
2007-05-14,21.540405
2007-05-15,21.506038
2007-05-16,21.695063
2007-05-17,21.634919
2007-05-18,21.746616
2007-05-21,21.841129
2007-05-22,21.815352
2007-05-23,21.738023
2007-05-24,21.463076
2007-05-25,21.643511
2007-05-29,21.772392
2007-05-30,21.935643
2007-05-31,22.038747
2007-06-01,22.038747
2007-06-04,22.116076
2007-06-05,22.038747
2007-06-06,21.780985
2007-06-07,21.471668
2007-06-08,21.772392
2007-06-11,21.815352
2007-06-12,21.55759
2007-06-13,21.832537
2007-06-14,22.038747
2007-06-15,22.166001
2007-06-18,22.226187
2007-06-19,22.217589
2007-06-20,22.088617
2007-06-21,22.200392
2007-06-22,21.951047
2007-06-25,21.873664
2007-06-26,21.79628
2007-06-27,22.011234
2007-06-28,22.088617
2007-06-29,22.011234
2007-07-02,22.200392
2007-07-03,22.355159
2007-07-05,22.441141
2007-07-06,22.484131
2007-07-09,22.613103
2007-07-10,22.355159
2007-07-11,22.484131
2007-07-12,22.862449
2007-07-13,22.914038
2007-07-16,22.982823
2007-07-17,23.060206
2007-07-18,22.939833
2007-07-19,23.128991
2007-07-20,23.043009
2007-07-23,23.077403
2007-07-24,22.845253
2007-07-25,22.871048
2007-07-26,22.527122
2007-07-27,22.045626
2007-07-30,22.123009
2007-07-31,21.968242
2007-08-01,22.183196
2007-08-02,22.226187
2007-08-03,21.79628
2007-08-06,22.140206
2007-08-07,22.183196
2007-08-08,22.527122
2007-08-09,22.011234
2007-08-10,21.7017
2007-08-13,22.002636
2007-08-14,21.555532
2007-08-15,21.280392
2007-08-16,21.142822
2007-08-17,21.349177
2007-08-20,21.42656
2007-08-21,21.495345
2007-08-22,21.779084
2007-08-23,21.83927
2007-08-24,22.148804
2007-08-27,22.028431
2007-08-28,21.632915
2007-08-29,22.148804
2007-08-30,22.243384
2007-08-31,22.389552
2007-09-04,22.733478
2007-09-05,22.492729
2007-09-06,22.604506
2007-09-07,22.140206
2007-09-10,22.097216
2007-09-11,22.415346
2007-09-12,22.355159
2007-09-13,22.355159
2007-09-14,22.243384
2007-09-17,22.234786
2007-09-18,22.673291
2007-09-19,22.759271
2007-09-20,22.845253
2007-09-21,23.020143
2007-09-24,22.959836
2007-09-25,23.19245
2007-09-26,23.338911
2007-09-27,23.32168
2007-09-28,23.235526
2007-10-01,23.485372
2007-10-02,23.571525
2007-10-03,23.295835
2007-10-04,23.356142
2007-10-05,23.605986
2007-10-08,23.649063
2007-10-09,23.821369
2007-10-10,23.898907
2007-10-11,23.640448
2007-10-12,23.87306
2007-10-15,23.700755
2007-10-16,23.700755
2007-10-17,23.898907
2007-10-18,23.959214
2007-10-19,23.390602
2007-10-22,23.537063
2007-10-23,23.795524
2007-10-24,23.554294
2007-10-25,23.752446
2007-10-26,24.071214
2007-10-29,24.140136
2007-10-30,24.183212
2007-10-31,24.467518
2007-11-01,24.200443
2007-11-02,24.252135
2007-11-05,24.217674
2007-11-06,24.346904
2007-11-07,23.692139
2007-11-08,22.847838
2007-11-09,22.373994
2007-11-12,22.01215
2007-11-13,22.761684
2007-11-14,22.632455
2007-11-15,22.356765
2007-11-16,22.675531
2007-11-19,22.227533
2007-11-20,22.417072
2007-11-21,21.994921
2007-11-23,22.210304
2007-11-26,21.745076
2007-11-27,21.986305
2007-11-28,22.632455
2007-11-29,22.744453
2007-11-30,22.623839
2007-12-03,22.485994
2007-12-04,22.399841
2007-12-05,22.91676
2007-12-06,23.149374
2007-12-07,23.175219
2007-12-10,23.287219
2007-12-11,22.925376
2007-12-12,23.32168
2007-12-13,23.201066
2007-12-14,23.054605
2007-12-17,22.615224
2007-12-18,22.615224
2007-12-19,22.761684
2007-12-20,23.089066
2007-12-21,23.385935
2007-12-24,23.559035
2007-12-26,23.688862
2007-12-27,23.35997
2007-12-28,23.247455
2007-12-31,23.074353
2008-01-02,22.606981
2008-01-03,22.641601
2008-01-04,21.758786
2008-01-07,21.568375
2008-01-08,20.997142
2008-01-09,21.291414
2008-01-10,21.326033
2008-01-11,21.014453
2008-01-14,21.43855
2008-01-15,20.988487
2008-01-16,20.529769
2008-01-17,20.348014
2008-01-18,19.993157
2008-01-22,19.62099
2008-01-23,19.794091
2008-01-24,20.079708
2008-01-25,19.768126
2008-01-28,19.854677
2008-01-29,20.027776
2008-01-30,19.871985
2008-01-31,20.122982
2008-02-01,20.469184
2008-02-04,20.045087
2008-02-05,19.543094
2008-02-06,19.326718
2008-02-07,19.447888
2008-02-08,19.300752
2008-02-11,19.6383
2008-02-12,19.681575
2008-02-13,20.131638
2008-02-14,19.733505
2008-02-15,19.664264
2008-02-19,19.482509
2008-02-20,19.517129
2008-02-21,19.482509
2008-02-22,19.465199
2008-02-25,19.577715
2008-02-26,19.802745
2008-02-27,19.820056
2008-02-28,19.56906
2008-02-29,19.170927
2008-03-03,19.162272
2008-03-04,19.188238
2008-03-05,19.326718
2008-03-06,19.058412
2008-03-07,19.058412
2008-03-10,18.850691
2008-03-11,19.517129
2008-03-12,19.318063
2008-03-13,19.240167
2008-03-14,18.997827
2008-03-17,18.911276
2008-03-18,19.75947
2008-03-19,19.170927
2008-03-20,19.383898
2008-03-24,20.067833
2008-03-25,20.085148
2008-03-26,19.695565
2008-03-27,19.539731
2008-03-28,19.418528
2008-03-31,19.392556
2008-04-01,19.955286
2008-04-02,20.197693
2008-04-03,20.189036
2008-04-04,20.119777
2008-04-07,20.137092
2008-04-08,20.015889
2008-04-09,19.929315
2008-04-10,20.093804
2008-04-11,19.557047
2008-04-14,19.47913
2008-04-15,19.47913
2008-04-16,20.27561
2008-04-17,20.266952
2008-04-18,20.621905
2008-04-21,20.751766
2008-04-22,20.647878
2008-04-23,20.777739
2008-04-24,21.028804
2008-04-25,20.777739
2008-04-28,20.777739
2008-04-29,20.976858
2008-04-30,20.60459
2008-05-01,21.470329
2008-05-02,21.461673
2008-05-05,21.366441
2008-05-06,21.626162
2008-05-07,21.245238
2008-05-08,21.279867
2008-05-09,21.210608
2008-05-12,21.556903
2008-05-13,21.556903
2008-05-14,21.600191
2008-05-15,22.015746
2008-05-16,21.963802
2008-05-19,22.076347
2008-05-20,21.730052
2008-05-21,21.158664
2008-05-22,21.236581
2008-05-23,21.193293
2008-05-27,21.539588
2008-05-28,21.660793
2008-05-29,21.816626
2008-05-30,21.946487
2008-06-02,21.63482
2008-06-03,21.513617
2008-06-04,21.556903
2008-06-05,21.998431
2008-06-06,21.40107
2008-06-09,21.357784
2008-06-10,21.262552
2008-06-11,20.717137
2008-06-12,20.950887
2008-06-13,21.175978
2008-06-16,21.227923
2008-06-17,21.141349
2008-06-18,20.916257
2008-06-19,20.994173
2008-06-20,20.619975
2008-06-23,20.42897
2008-06-24,20.402923
2008-06-25,20.576565
2008-06-26,20.18587
2008-06-27,19.916726
2008-06-30,19.890679
2008-07-01,19.751766
2008-07-02,19.491304
2008-07-03,19.404482
2008-07-07,19.621535
2008-07-08,19.821222
2008-07-09,19.23084
2008-07-10,19.473939
2008-07-11,19.291614
2008-07-14,19.144018
2008-07-15,19.100609
2008-07-16,19.378435
2008-07-17,19.578123
2008-07-18,19.795176
2008-07-21,19.404482
2008-07-22,19.300296
2008-07-23,19.64758
2008-07-24,19.144018
2008-07-25,19.413165
2008-07-28,19.005105
2008-07-29,19.387118
2008-07-30,19.517349
2008-07-31,19.404482
2008-08-01,19.18743
2008-08-04,19.282932
2008-08-05,19.64758
2008-08-06,19.925408
2008-08-07,19.890679
2008-08-08,20.272692
2008-08-11,20.402923
2008-08-12,20.446333
2008-08-13,20.368194
2008-08-14,20.524472
2008-08-15,20.602611
2008-08-18,20.342148
2008-08-19,19.986183
2008-08-20,20.029592
2008-08-21,19.951453
2008-08-22,20.22928
2008-08-25,19.968818
2008-08-26,19.890679
2008-08-27,20.081685
2008-08-28,20.203235
2008-08-29,19.751766
2008-09-02,19.638899
2008-09-03,19.378435
2008-09-04,18.683868
2008-09-05,18.683868
2008-09-08,18.909603
2008-09-09,18.579683
2008-09-10,18.492861
2008-09-11,18.796735
2008-09-12,18.883556
2008-09-15,17.971937
2008-09-16,18.310538
2008-09-17,17.294733
2008-09-18,18.032711
2008-09-19,18.164261
2008-09-22,17.693819
2008-09-23,17.685107
2008-09-24,17.728667
2008-09-25,18.033583
2008-09-26,18.120701
2008-09-29,16.552564
2008-09-30,17.293074
2008-10-01,17.13626
2008-10-02,16.465445
2008-10-03,16.230224
2008-10-06,15.332902
2008-10-07,14.548833
2008-10-08,14.418154
2008-10-09,13.939001
2008-10-10,13.851882
2008-10-13,15.472291
2008-10-14,14.949579
2008-10-15,13.825747
2008-10-16,14.548833
2008-10-17,14.409443
2008-10-20,14.984427
2008-10-21,14.200357
2008-10-22,13.459848
2008-10-23,13.764764
2008-10-24,13.120085
2008-10-27,12.850017
2008-10-28,14.63595
2008-10-29,14.069679
2008-10-30,14.592392
2008-10-31,14.505273
2008-11-03,14.505273
2008-11-04,15.115105
2008-11-05,14.200357
2008-11-06,13.416288
2008-11-07,13.799611
2008-11-10,13.651509
2008-11-11,13.355305
2008-11-12,12.72805
2008-11-13,13.520831
2008-11-14,12.902288
2008-11-17,12.536389
2008-11-18,12.710627
2008-11-19,12.004964
2008-11-20,11.490964
2008-11-21,12.100796
2008-11-24,12.693203
2008-11-25,12.867441
2008-11-26,13.268186
2008-11-28,13.28561
2008-12-01,12.327304
2008-12-02,12.762898
2008-12-03,13.128796
2008-12-04,12.597372
2008-12-05,13.093949
2008-12-08,13.70378
2008-12-09,13.616662
2008-12-10,13.503407
2008-12-11,13.215915
2008-12-12,13.372729
2008-12-15,13.224628
2008-12-16,13.912866
2008-12-17,13.642797
2008-12-18,13.259475
2008-12-19,13.374211
2008-12-22,13.190283
2008-12-23,13.006355
2008-12-24,13.093939
2008-12-26,13.076422
2008-12-29,13.08518
2008-12-30,13.330419
2008-12-31,13.496829
2009-01-02,14.004822
2009-01-05,13.961029
2009-01-06,14.285093
2009-01-07,13.829652
2009-01-08,13.925995
2009-01-09,13.619449
2009-01-12,13.374211
2009-01-13,13.312901
2009-01-14,12.910011
2009-01-15,12.997596
2009-01-16,13.08518
2009-01-20,12.550913
2009-01-21,13.155249
2009-01-22,12.85746
2009-01-23,13.041388
2009-01-26,13.199041
2009-01-27,13.277867
2009-01-28,13.654482
2009-01-29,13.251592
2009-01-30,12.85746
2009-02-02,13.058905
2009-02-03,13.32166
2009-02-04,13.312901
2009-02-05,13.523105
2009-02-06,13.987305
2009-02-09,14.022339
2009-02-10,13.453037
2009-02-11,13.479313
2009-02-12,13.540622
2009-02-13,13.479313
2009-02-17,12.918769
2009-02-18,12.927528
2009-02-19,12.612222
2009-02-20,12.734841
2009-02-23,12.148022
2009-02-24,12.472086
2009-02-25,12.585947
2009-02-26,12.45457
2009-02-27,12.366985
2009-03-02,12.069196
2009-03-03,11.955335
2009-03-04,12.270641
2009-03-05,11.894026
2009-03-06,11.955335
2009-03-09,11.578721
2009-03-10,12.244365
2009-03-11,12.515879
2009-03-12,12.874977
2009-03-13,12.874977
2009-03-16,12.761116
2009-03-17,13.225317
2009-03-18,13.409245
2009-03-19,13.444279
2009-03-20,13.239177
2009-03-23,14.022613
2009-03-24,13.793744
2009-03-25,13.872968
2009-03-26,14.233876
2009-03-27,13.925784
2009-03-30,13.494454
2009-03-31,13.749731
2009-04-01,14.137047
2009-04-02,14.506758
2009-04-03,14.709218
2009-04-06,14.559575
2009-04-07,14.154652
2009-04-08,14.365916
2009-04-09,14.726824
2009-04-13,14.726824
2009-04-14,14.568376
2009-04-15,14.524364
2009-04-16,14.955693
2009-04-17,14.929284
2009-04-20,14.453943
2009-04-21,14.700417
2009-04-22,14.770838
2009-04-23,14.841259
2009-04-24,15.052523
2009-04-27,14.982102
2009-04-28,14.973299
2009-04-29,15.140549
2009-04-30,15.184562
2009-05-01,15.387022
2009-05-04,15.668707
2009-05-05,15.571879
2009-05-06,15.659906
2009-05-07,15.061325
2009-05-08,15.04372
2009-05-11,15.087732
2009-05-12,15.008508
2009-05-13,14.629996
2009-05-14,14.788442
2009-05-15,14.788442
2009-05-18,15.193365
2009-05-19,15.281392
2009-05-20,15.122944
2009-05-21,14.858863
2009-05-22,14.91168
2009-05-26,15.298996
2009-05-27,15.149351
2009-05-28,15.369417
2009-05-29,15.536667
2009-06-01,15.9768
2009-06-02,15.94159
2009-06-03,15.765536
2009-06-04,15.985602
2009-06-05,16.14405
2009-06-08,16.047221
2009-06-09,16.117642
2009-06-10,16.161656
2009-06-11,16.223274
2009-06-12,16.17926
2009-06-15,16.012011
2009-06-16,15.809549
2009-06-17,15.897576
2009-06-18,15.827155
2009-06-19,16.022574
2009-06-22,15.624661
2009-06-23,15.633504
2009-06-24,15.854566
2009-06-25,16.084471
2009-06-26,16.057943
2009-06-29,16.22595
2009-06-30,16.102155
2009-07-01,16.172896
2009-07-02,15.766141
2009-07-06,15.721929
2009-07-07,15.33286
2009-07-08,15.341702
2009-07-09,15.438969
2009-07-10,15.500867
2009-07-13,15.792669
2009-07-14,15.810353
2009-07-15,16.402799
2009-07-16,16.641546
2009-07-17,16.800711
2009-07-20,16.951033
2009-07-21,17.048301
2009-07-22,17.145567
2009-07-23,17.481583
2009-07-24,17.375472
2009-07-27,17.375472
2009-07-28,17.410843
2009-07-29,17.393157
2009-07-30,17.481583
2009-07-31,17.419685
2009-08-03,17.658431
2009-08-04,17.605377
2009-08-05,17.446212
2009-08-06,17.322418
2009-08-07,17.499268
2009-08-10,17.419685
2009-08-11,17.172095
2009-08-12,17.516952
2009-08-13,17.596534
2009-08-14,17.428526
2009-08-17,17.012931
2009-08-18,17.269363
2009-08-19,17.313575
2009-08-20,17.508109
2009-08-21,17.764542
2009-08-24,17.711487
2009-08-25,17.755699
2009-08-26,17.835281
2009-08-27,17.87065
2009-08-28,17.932549
2009-08-31,17.702645
2009-09-01,17.340103
2009-09-02,17.375472
2009-09-03,17.455055
2009-09-04,17.764542
2009-09-08,17.897178
2009-09-09,18.029815
2009-09-10,18.277405
2009-09-11,18.295091
2009-09-14,18.233194
2009-09-15,18.356988
2009-09-16,18.498467
2009-09-17,18.427728
2009-09-18,18.540443
2009-09-21,18.460566
2009-09-22,18.558194
2009-09-23,18.558194
2009-09-24,18.380688
2009-09-25,18.26531
2009-09-28,18.56707
2009-09-29,18.469441
2009-09-30,18.522694
2009-10-01,17.972426
2009-10-02,17.972426
2009-10-05,18.123306
2009-10-06,18.451692
2009-10-07,18.41619
2009-10-08,18.531568
2009-10-09,18.655823
2009-10-12,18.664698
2009-10-13,18.7357
2009-10-14,18.957582
2009-10-15,18.92208
2009-10-16,18.744576
2009-10-19,18.948707
2009-10-20,18.88658
2009-10-21,18.895455
2009-10-22,18.984207
2009-10-23,18.930956
2009-10-26,18.806702
2009-10-27,18.709074
2009-10-28,18.433941
2009-10-29,18.788951
2009-10-30,18.291937
2009-11-02,18.398439
2009-11-03,18.327437
2009-11-04,18.433941
2009-11-05,18.833327
2009-11-06,18.859954
2009-11-09,19.294842
2009-11-10,19.285966
2009-11-11,19.401346
2009-11-12,19.259342
2009-11-13,19.436846
2009-11-16,19.649852
2009-11-17,19.738605
2009-11-18,19.632103
2009-11-19,19.348093
2009-11-20,19.250466
2009-11-23,19.587726
2009-11-24,19.552225
2009-11-25,19.587726
2009-11-27,19.268215
2009-11-30,19.303717
2009-12-01,19.614352
2009-12-02,19.587726
2009-12-03,19.596601
2009-12-04,19.720854
2009-12-07,19.685354
2009-12-08,19.507848
2009-12-09,19.69423
2009-12-10,19.782983
2009-12-11,19.738605
2009-12-14,19.898361
2009-12-15,19.774107
2009-12-16,19.836234
2009-12-17,19.596601
2009-12-18,19.889646
2009-12-21,20.067789
2009-12-22,20.228117
2009-12-23,20.308281
2009-12-24,20.495332
2009-12-28,20.557682
2009-12-29,20.53096
2009-12-30,20.602217
2009-12-31,20.424075
2010-01-04,20.726918
2010-01-05,20.700196
2010-01-06,20.46861
2010-01-07,20.388445
2010-01-08,20.522054
2010-01-11,20.441889
2010-01-12,20.219211
2010-01-13,20.415167
2010-01-14,20.46861
2010-01-15,20.183582
2010-01-19,20.53096
2010-01-20,20.201396
2010-01-21,19.987625
2010-01-22,19.292867
2010-01-25,19.453196
2010-01-26,19.399754
2010-01-27,19.560081
2010-01-28,18.998932
2010-01-29,18.669367
2010-02-01,18.88314
2010-02-02,19.070189
2010-02-03,19.114724
2010-02-04,18.580297
2010-02-05,18.767346
2010-02-08,18.687182
2010-02-09,18.84751
2010-02-10,18.794068
2010-02-11,18.990025
2010-02-12,19.025654
2010-02-16,19.310682
2010-02-17,19.364125
2010-02-18,19.488824
2010-02-19,19.435382
2010-02-22,19.399754
2010-02-23,19.159261
2010-02-24,19.34631
2010-02-25,19.292867
2010-02-26,19.319589
2010-03-01,19.568988
2010-03-02,19.542268
2010-03-03,19.551175
2010-03-04,19.63134
2010-03-05,19.871831
2010-03-08,19.978718
2010-03-09,20.067789
2010-03-10,20.201396
2010-03-11,20.281561
2010-03-12,20.263746
2010-03-15,20.245931
2010-03-16,20.397353
2010-03-17,20.459702
2010-03-18,20.486425
2010-03-19,20.364009
2010-03-22,20.515911
2010-03-23,20.712493
2010-03-24,20.614202
2010-03-25,20.649945
2010-03-26,20.551654
2010-03-29,20.614202
2010-03-30,20.703557
2010-03-31,20.641009
2010-04-01,20.605266
2010-04-05,20.846525
2010-04-06,20.864397
2010-04-07,20.783977
2010-04-08,20.819718
2010-04-09,20.980557
2010-04-12,21.025236
2010-04-13,21.087784
2010-04-14,21.391591
2010-04-15,21.489881
2010-04-16,21.203945
2010-04-19,21.248623
2010-04-20,21.364784
2010-04-21,21.409461
2010-04-22,21.463075
2010-04-23,21.516688
2010-04-26,21.489881
2010-04-27,21.069913
2010-04-28,21.132461
2010-04-29,21.346913
2010-04-30,20.900138
2010-05-03,21.186073
2010-05-04,20.578461
2010-05-05,20.489105
2010-05-06,19.872555
2010-05-07,19.434716
2010-05-10,20.328266
2010-05-11,20.194234
2010-05-12,20.721429
2010-05-13,20.417621
2010-05-14,20.024459
2010-05-17,20.12275
2010-05-18,19.818943
2010-05-19,19.667039
2010-05-20,19.041553
2010-05-21,19.184521
2010-05-24,19.095168
2010-05-25,19.041553
2010-05-26,18.853909
2010-05-27,19.497264
2010-05-28,19.336425
2010-06-01,19.14878
2010-06-02,19.577684
2010-06-03,19.774264
2010-06-04,19.139844
2010-06-07,18.862844
2010-06-08,18.898585
2010-06-09,18.800296
2010-06-10,19.256005
2010-06-11,19.42578
2010-06-14,19.390039
2010-06-15,19.899362
2010-06-16,19.952975
2010-06-17,20.024459
2010-06-18,20.023562
2010-06-21,19.880088
2010-06-22,19.709712
2010-06-23,19.673845
2010-06-24,19.279291
2010-06-25,19.261357
2010-06-28,19.297226
2010-06-29,18.579856
2010-06-30,18.292909
2010-07-01,18.221172
2010-07-02,18.194272
2010-07-06,18.373613
2010-07-07,18.965442
2010-07-08,19.082016
2010-07-09,19.180653
2010-07-12,19.270324
2010-07-13,19.548304
2010-07-14,19.664878
2010-07-15,19.727647
2010-07-16,19.16272
2010-07-19,19.351028
2010-07-20,19.476567
2010-07-21,19.243422
2010-07-22,19.763516
2010-07-23,19.898023
2010-07-26,20.023562
2010-07-27,20.077364
2010-07-28,19.915956
2010-07-29,19.736614
2010-07-30,19.65591
2010-08-02,20.068397
2010-08-03,19.960792
2010-08-04,20.1222
2010-08-05,20.032529
2010-08-06,19.978727
2010-08-09,20.113233
2010-08-10,19.90699
2010-08-11,19.431732
2010-08-12,19.16272
2010-08-13,19.073048
2010-08-16,19.108916
2010-08-17,19.315161
2010-08-18,19.422765
2010-08-19,19.18962
2010-08-20,19.144785
2010-08-23,18.974409
2010-08-24,18.714364
2010-08-25,18.830936
2010-08-26,18.642627
2010-08-27,18.866805
2010-08-30,18.615725
2010-08-31,18.552956
2010-09-01,19.028212
2010-09-02,19.198587
2010-09-03,19.485535
2010-09-07,19.324126
2010-09-08,19.431732
2010-09-09,19.485535
2010-09-10,19.494502
2010-09-13,19.844219
2010-09-14,19.924923
2010-09-15,20.050464
2010-09-16,20.167035
2010-09-17,20.275931
2010-09-20,20.572915
2010-09-21,20.536916
2010-09-22,20.437921
2010-09-23,20.410924
2010-09-24,20.806903
2010-09-27,20.815901
2010-09-28,20.8429
2010-09-29,20.797904
2010-09-30,20.716908
2010-10-01,20.725907
2010-10-04,20.554916
2010-10-05,20.959895
2010-10-06,20.8609
2010-10-07,20.8609
2010-10-08,20.977893
2010-10-11,21.013892
2010-10-12,21.139885
2010-10-13,21.310876
2010-10-14,21.319876
2010-10-15,21.679857
2010-10-18,21.823849
2010-10-19,21.436869
2010-10-20,21.61686
2010-10-21,21.63486
2010-10-22,21.697856
2010-10-25,21.760852
2010-10-26,21.814849
2010-10-27,21.877846
2010-10-28,21.877846
2010-10-29,21.913844
2010-11-01,21.931844
2010-11-02,22.147832
2010-11-03,22.273825
2010-11-04,22.606808
2010-11-05,22.588809
2010-11-08,22.606808
2010-11-09,22.54381
2010-11-10,22.56181
2010-11-11,22.219828
2010-11-12,21.904845
2010-11-15,21.841848
2010-11-16,21.445869
2010-11-17,21.454868
2010-11-18,21.814849
2010-11-19,21.877846
2010-11-22,22.00384
2010-11-23,21.679857
2010-11-24,22.039837
2010-11-26,21.823849
2010-11-29,21.769852
2010-11-30,21.553864
2010-12-01,22.012838
2010-12-02,22.273825
2010-12-03,22.327822
2010-12-06,22.327822
2010-12-07,22.354821
2010-12-08,22.54381
2010-12-09,22.56181
2010-12-10,22.669805
2010-12-13,22.624806
2010-12-14,22.660805
2010-12-15,22.570809
2010-12-16,22.606808
2010-12-17,22.651967
2010-12-20,22.670031
2010-12-21,22.805509
2010-12-22,22.778413
2010-12-23,22.76938
2010-12-27,22.814541
2010-12-28,22.787445
2010-12-29,22.832605
2010-12-30,22.778413
2010-12-31,22.751318
2011-01-03,23.00421
2011-01-04,23.094529
2011-01-05,23.230007
2011-01-06,23.365486
2011-01-07,23.257103
2011-01-10,23.275167
2011-01-11,23.239039
2011-01-12,23.446772
2011-01-13,23.428709
2011-01-14,23.636442
2011-01-18,23.663539
2011-01-19,23.491932
2011-01-20,23.365486
2011-01-21,23.230007
2011-01-24,23.555155
2011-01-25,23.663539
2011-01-26,23.799016
2011-01-27,23.880304
2011-01-28,23.329358
2011-01-31,23.473868
2011-02-01,23.871271
2011-02-02,23.91643
2011-02-03,23.952559
2011-02-04,24.106101
2011-02-07,24.223514
2011-02-08,24.322866
2011-02-09,24.277705
2011-02-10,24.169324
2011-02-11,24.295769
2011-02-14,24.331898
2011-02-15,24.241579
2011-02-16,24.377057
2011-02-17,24.422217
2011-02-18,24.386089
2011-02-22,23.789984
2011-02-23,23.509996
2011-02-24,23.591284
2011-02-25,23.889336
2011-02-28,23.988685
2011-03-01,23.528059
2011-03-02,23.672569
2011-03-03,24.051908
2011-03-04,23.862239
2011-03-07,23.555155
2011-03-08,23.753856
2011-03-09,23.654506
2011-03-10,23.211944
2011-03-11,23.302262
2011-03-14,23.19388
2011-03-15,22.850668
2011-03-16,22.290692
2011-03-17,22.525521
2011-03-18,22.565395
2011-03-21,22.946016
2011-03-22,22.909767
2011-03-23,23.03664
2011-03-24,23.399136
2011-03-25,23.45351
2011-03-28,23.399136
2011-03-29,23.56226
2011-03-30,23.661947
2011-03-31,23.616634
2011-04-01,23.571322
2011-04-04,23.489761
2011-04-05,23.45351
2011-04-06,23.625696
2011-04-07,23.634759
2011-04-08,23.498823
2011-04-11,23.462573
2011-04-12,23.272263
2011-04-13,23.417261
2011-04-14,23.37195
2011-04-15,23.326637
2011-04-18,23.118202
2011-04-19,23.181639
2011-04-20,23.671009
2011-04-21,23.879444
2011-04-25,23.89757
2011-04-26,24.096942
2011-04-27,24.24194
2011-04-28,24.251003
2011-04-29,24.232878
2011-05-02,24.142253
2011-05-03,24.151316
2011-05-04,24.078817
2011-05-05,23.951944
2011-05-06,23.997255
2011-05-09,24.096942
2011-05-10,24.31444
2011-05-11,24.096942
2011-05-12,24.278191
2011-05-13,23.97913
2011-05-16,23.634759
2011-05-17,23.634759
2011-05-18,23.806945
2011-05-19,23.852257
2011-05-20,23.716321
2011-05-23,23.381011
2011-05-24,23.308512
2011-05-25,23.381011
2011-05-26,23.535072
2011-05-27,23.652884
2011-05-31,23.97913
2011-06-01,23.480698
2011-06-02,23.498823
2011-06-03,23.14539
2011-06-06,22.973204
2011-06-07,22.900704
2011-06-08,22.746643
2011-06-09,22.764769
2011-06-10,22.447584
2011-06-13,22.465709
2011-06-14,22.746643
2011-06-15,22.320709
2011-06-16,22.266335
2011-06-17,22.24632
2011-06-20,22.328208
2011-06-21,22.72855
2011-06-22,22.564773
2011-06-23,22.719451
2011-06-24,22.328208
2011-06-27,22.628465
2011-06-28,22.910525
2011-06-29,23.092498
2011-06-30,23.383657
2011-07-01,23.765803
2011-07-05,23.802197
2011-07-06,23.911382
2011-07-07,24.20254
2011-07-08,24.084256
2011-07-11,23.683914
2011-07-12,23.474643
2011-07-13,23.529236
2011-07-14,23.329064
2011-07-15,23.583828
2011-07-18,23.50194
2011-07-19,24.06606
2011-07-20,23.99327
2011-07-21,24.102454
2011-07-22,24.311723
2011-07-25,24.248033
2011-07-26,24.357218
2011-07-27,23.711209
2011-07-28,23.674815
2011-07-29,23.483742
2011-08-01,23.465546
2011-08-02,22.974215
2011-08-03,23.210782
2011-08-04,22.273615
2011-08-05,22.137135
2011-08-08,20.890612
2011-08-09,21.845977
2011-08-10,20.990699
2011-08-11,21.791385
2011-08-12,21.946063
2011-08-15,22.337306
2011-08-16,22.17353
2011-08-17,22.073444
2011-08-18,20.999797
2011-08-19,20.490271
2011-08-22,20.599454
2011-08-23,21.354646
2011-08-24,21.54572
2011-08-25,21.236364
2011-08-26,21.654903
2011-08-29,22.200825
2011-08-30,22.291813
2011-08-31,22.237221
2011-09-01,21.991556
2011-09-02,21.491128
2011-09-06,21.391042
2011-09-07,21.946063
2011-09-08,21.836878
2011-09-09,21.372844
2011-09-12,21.627608
2011-09-13,21.882371
2011-09-14,22.209924
2011-09-15,22.564773
2011-09-16,22.815025
2011-09-19,22.760226
2011-09-20,22.705426
2011-09-21,22.367493
2011-09-22,21.673361
2011-09-23,21.91996
2011-09-26,22.193959
2011-09-27,22.477093
2011-09-28,22.157427
2011-09-29,22.111759
2011-09-30,21.554628
2011-10-03,21.070562
2011-10-04,21.499829
2011-10-05,21.947361
2011-10-06,22.276159
2011-10-07,22.193959
2011-10-10,22.878958
2011-10-11,22.979425
2011-10-12,23.079892
2011-10-13,23.335624
2011-10-14,23.746624
2011-10-17,23.372158
2011-10-18,23.582224
2011-10-19,23.125558
2011-10-20,23.025091
2011-10-21,23.317359
2011-10-24,23.682691
2011-10-25,23.308225
2011-10-26,23.40869
2011-10-27,24.102823
2011-10-28,24.185023
2011-10-31,23.755757
2011-11-01,23.098159
2011-11-02,23.381292
2011-11-03,23.938423
2011-11-04,23.79229
2011-11-07,23.938423
2011-11-08,24.212423
2011-11-09,23.372158
2011-11-10,23.445224
2011-11-11,23.892757
2011-11-14,23.71009
2011-11-15,24.029756
2011-11-16,23.673557
2011-11-17,23.216892
2011-11-18,23.025091
2011-11-21,22.623226
2011-11-22,22.586692
2011-11-23,22.047826
2011-11-25,21.929094
2011-11-28,22.650625
2011-11-29,22.531893
2011-11-30,23.399559
2011-12-01,23.527424
2011-12-02,23.509157
2011-12-05,23.774024
2011-12-06,23.764891
2011-12-07,23.79229
2011-12-08,23.417824
2011-12-09,23.783158
2011-12-12,23.481757
2011-12-13,23.262557
2011-12-14,22.906359
2011-12-15,22.851559
2011-12-16,22.914855
2011-12-19,22.694696
2011-12-20,23.336826
2011-12-21,22.951548
2011-12-22,23.217573
2011-12-23,23.446905
2011-12-27,23.483599
2011-12-28,23.245093
2011-12-29,23.419386
2011-12-30,23.346
2012-01-03,23.676237
2012-01-04,23.740449
2012-01-05,23.813836
2012-01-06,23.823009
2012-01-09,23.786317
2012-01-10,23.868877
2012-01-11,23.942263
2012-01-12,24.061515
2012-01-13,23.923916
2012-01-17,24.033996
2012-01-18,24.38258
2012-01-19,24.556873
2012-01-20,24.584391
2012-01-23,24.666951
2012-01-24,24.648606
2012-01-25,24.841244
2012-01-26,24.676124
2012-01-27,24.676124
2012-01-30,24.749511
2012-01-31,24.795378
2012-02-01,25.043055
2012-02-02,25.10727
2012-02-03,25.428333
2012-02-06,25.437507
2012-02-07,25.501719
2012-02-08,25.657665
2012-02-09,25.905344
2012-02-10,25.712706
2012-02-13,25.877824
2012-02-14,25.923691
2012-02-15,25.786092
2012-02-16,26.162197
2012-02-17,26.162197
2012-02-21,26.272275
2012-02-22,26.180544
2012-02-23,26.281449
2012-02-24,26.437394
2012-02-27,26.483262
2012-02-28,26.6759
2012-02-29,26.556648
2012-03-01,26.712594
2012-03-02,26.6759
2012-03-05,26.446568
2012-03-06,26.189715
2012-03-07,26.382355
2012-03-08,26.648379
2012-03-09,26.767633
2012-03-12,26.804325
2012-03-13,27.336375
2012-03-14,27.437282
2012-03-15,27.510668
2012-03-16,27.497783
2012-03-19,27.700245
2012-03-20,27.672636
2012-03-21,27.663433
2012-03-22,27.599014
2012-03-23,27.599014
2012-03-26,28.003935
2012-03-27,27.994732
2012-03-28,27.893501
2012-03-29,27.838285
2012-03-30,27.755461
2012-04-02,28.049948
2012-04-03,28.031542
2012-04-04,27.700245
2012-04-05,27.764664
2012-04-09,27.571405
2012-04-10,27.184892
2012-04-11,27.341337
2012-04-12,27.681839
2012-04-13,27.249311
2012-04-16,26.964025
2012-04-17,27.553001
2012-04-18,27.35054
2012-04-19,27.046849
2012-04-20,26.94562
2012-04-23,26.733956
2012-04-24,26.67874
2012-04-25,27.433364
2012-04-26,27.645029
2012-04-27,27.635826
2012-04-30,27.442567
2012-05-01,27.534595
2012-05-02,27.553001
2012-05-03,27.322933
2012-05-04,26.752362
2012-05-07,26.67874
2012-05-08,26.586712
2012-05-09,26.586712
2012-05-10,26.384253
2012-05-11,26.402659
2012-05-14,26.17259
2012-05-15,26.098968
2012-05-16,25.887304
2012-05-17,25.519195
2012-05-18,25.279923
2012-05-21,25.90571
2012-05-22,25.822885
2012-05-23,25.850494
2012-05-24,25.70325
2012-05-25,25.648034
2012-05-29,25.988535
2012-05-30,25.822885
2012-05-31,25.70325
2012-06-01,25.031451
2012-06-04,25.178694
2012-06-05,25.335141
2012-06-06,25.914913
2012-06-07,25.786075
2012-06-08,26.07136
2012-06-11,25.70325
2012-06-12,25.960926
2012-06-13,25.804481
2012-06-14,25.933319
2012-06-15,26.209549
2012-06-18,26.403556
2012-06-19,26.606802
2012-06-20,26.652995
2012-06-21,26.024779
2012-06-22,26.311171
2012-06-25,25.77534
2012-06-26,25.876964
2012-06-27,26.034018
2012-06-28,25.821533
2012-06-29,26.542133
2012-07-02,26.689948
2012-07-03,26.902435
2012-07-05,26.902435
2012-07-06,26.50518
2012-07-09,26.449748
2012-07-10,26.154117
2012-07-11,26.034018
2012-07-12,25.77534
2012-07-13,26.117164
2012-07-16,26.089448
2012-07-17,26.191072
2012-07-18,26.643757
2012-07-19,26.874719
2012-07-20,26.569849
2012-07-23,26.311171
2012-07-24,26.043256
2012-07-25,25.941633
2012-07-26,26.338887
2012-07-27,26.911672
2012-07-30,26.92091
2012-07-31,27.031773
2012-08-01,26.939388
2012-08-02,26.763856
2012-08-03,27.290451
2012-08-06,27.484458
2012-08-07,27.669228
2012-08-08,27.678465
2012-08-09,27.77085
2012-08-10,27.835519
2012-08-13,27.918665
2012-08-14,27.863235
2012-08-15,27.872474
2012-08-16,28.251251
2012-08-17,28.408305
2012-08-20,28.436021
2012-08-21,28.251251
2012-08-22,28.297443
2012-08-23,28.066481
2012-08-24,28.242012
2012-08-27,28.269728
2012-08-28,28.205059
2012-08-29,28.26049
2012-08-30,27.946381
2012-08-31,28.168105
2012-09-04,28.168105
2012-09-05,28.140388
2012-09-06,28.768605
2012-09-07,28.722413
2012-09-10,28.417544
2012-09-11,28.491451
2012-09-12,28.648506
2012-09-13,29.036521
2012-09-14,29.175098
2012-09-17,29.202814
2012-09-18,29.22129
2012-09-19,29.249006
2012-09-20,29.193576
2012-09-21,29.230683
2012-09-24,29.045149
2012-09-25,28.636979
2012-09-26,28.432892
2012-09-27,28.803957
2012-09-28,28.599871
2012-10-01,28.534935
2012-10-02,28.572041
2012-10-03,28.720467
2012-10-04,28.803957
2012-10-05,28.655531
2012-10-08,28.358679
2012-10-09,27.99689
2012-10-10,27.88557
2012-10-11,27.774251
2012-10-12,27.755697
2012-10-15,27.894847
2012-10-16,28.275189
2012-10-17,28.126763
2012-10-18,27.80208
2012-10-19,27.17127
2012-10-22,27.356802
2012-10-23,27.05995
2012-10-24,26.902247
2012-10-25,26.846588
2012-10-26,26.89297
2012-10-31,26.781651
2012-11-01,27.217653
2012-11-02,26.865139
2012-11-05,27.013567
2012-11-06,27.134163
2012-11-07,26.456969
2012-11-08,26.076627
2012-11-09,26.197222
2012-11-12,26.160117
2012-11-13,26.030242
2012-11-14,25.770498
2012-11-15,25.622072
2012-11-16,25.659177
2012-11-19,26.364202
2012-11-20,26.252882
2012-11-21,26.336371
2012-11-23,26.763098
2012-11-26,26.883693
2012-11-27,26.763098
2012-11-28,26.920801
2012-11-29,27.050673
2012-11-30,27.022842
2012-12-03,26.985737
2012-12-04,26.939354
2012-12-05,26.670331
2012-12-06,26.828034
2012-12-07,26.688885
2012-12-10,26.753821
2012-12-11,27.115609
2012-12-12,27.069227
2012-12-13,26.874416
2012-12-14,26.614672
2012-12-17,26.939354
2012-12-18,27.338248
2012-12-19,27.199099
2012-12-20,27.245483
2012-12-21,27.010367
2012-12-24,26.935727
2012-12-26,26.786445
2012-12-27,26.758456
2012-12-28,26.459897
2012-12-31,26.917067
2013-01-02,27.812746
2013-01-03,27.635478
2013-01-04,27.523517
2013-01-07,27.486196
2013-01-08,27.383567
2013-01-09,27.430216
2013-01-10,27.570166
2013-01-11,27.607487
2013-01-14,27.430216
2013-01-15,27.252946
2013-01-16,27.346246
2013-01-17,27.458207
2013-01-18,27.420886
2013-01-22,27.495526
2013-01-23,27.784757
2013-01-24,27.308927
2013-01-25,27.336916
2013-01-28,27.430216
2013-01-29,27.467537
2013-01-30,27.383567
2013-01-31,27.430216
2013-02-01,27.738106
2013-02-04,27.374237
2013-02-05,27.691457
2013-02-06,27.682127
2013-02-07,27.682127
2013-02-08,27.924707
2013-02-11,27.980687
2013-02-12,27.887386
2013-02-13,27.878056
2013-02-14,27.803416
2013-02-15,27.784757
2013-02-19,27.971356
2013-02-20,27.588826
2013-02-21,27.364906
2013-02-22,27.700787
2013-02-25,27.308927
2013-02-26,27.467537
2013-02-27,27.700787
2013-02-28,27.644806
2013-03-01,27.691457
2013-03-04,27.775427
2013-03-05,28.157957
2013-03-06,28.139297
2013-03-07,28.204607
2013-03-08,28.260588
2013-03-11,28.325898
2013-03-12,28.223267
2013-03-13,28.204607
2013-03-14,28.409868
2013-03-15,28.291829
2013-03-18,28.301195
2013-03-19,28.263724
2013-03-20,28.404246
2013-03-21,28.085728
2013-03-22,28.263724
2013-03-25,28.198147
2013-03-26,28.376142
2013-03-27,28.301195
2013-03-28,28.357406
2013-04-01,28.170042
2013-04-02,28.28246
2013-04-03,28.057625
2013-04-04,28.066992
2013-04-05,27.851524
2013-04-08,27.973311
2013-04-09,28.170042
2013-04-10,28.666555
2013-04-11,28.572873
2013-04-12,28.451088
2013-04-15,27.98268
2013-04-16,28.329301
2013-04-17,27.748476
2013-04-18,27.458062
2013-04-19,27.495535
2013-04-22,27.711002
2013-04-23,28.010783
2013-04-24,28.057625
2013-04-25,28.151305
2013-04-26,28.141938
2013-04-29,28.544768
2013-04-30,28.853917
2013-05-01,28.600978
2013-05-02,28.966335
2013-05-03,29.238011
2013-05-06,29.378535
2013-05-07,29.359798
2013-05-08,29.594002
2013-05-09,29.509688
2013-05-10,29.594002
2013-05-13,29.519057
2013-05-14,29.612739
2013-05-15,29.706419
2013-05-16,29.865677
2013-05-17,30.16546
2013-05-20,30.16546
2013-05-21,30.071776
2013-05-22,29.743892
2013-05-23,29.734524
2013-05-24,29.687684
2013-05-28,29.828206
2013-05-29,29.753261
2013-05-30,29.940623
2013-05-31,29.659579
2013-06-03,29.809469
2013-06-04,29.678315
2013-06-05,29.387903
2013-06-06,29.45348
2013-06-07,29.725155
2013-06-10,29.790732
2013-06-11,29.481583
2013-06-12,29.284853
2013-06-13,29.622107
2013-06-14,29.39727
2013-06-17,29.668947
2013-06-18,29.903151
2013-06-19,29.556528
2013-06-20,28.900759
2013-06-21,28.726573
2013-06-24,28.3782
2013-06-25,28.613587
2013-06-26,28.783065
2013-06-27,28.924297
2013-06-28,28.801897
2013-07-01,28.952544
2013-07-02,28.99962
2013-07-03,29.169099
2013-07-05,29.357409
2013-07-08,29.338578
2013-07-09,29.451564
2013-07-10,29.545717
2013-07-11,30.044737
2013-07-12,30.063569
2013-07-15,30.148308
2013-07-16,30.167139
2013-07-17,30.195384
2013-07-18,30.120061
2013-07-19,29.611627
2013-07-22,29.696366
2013-07-23,29.573964
2013-07-24,29.77169
2013-07-25,29.790519
2013-07-26,29.875259
2013-07-29,29.828182
2013-07-30,29.978829
2013-07-31,29.875259
2013-08-01,30.195384
2013-08-02,30.3272
2013-08-05,30.393108
2013-08-06,30.233047
2013-08-07,30.157722
2013-08-08,30.251879
2013-08-09,30.10123
2013-08-12,30.298955
2013-08-13,30.506096
2013-08-14,30.477848
2013-08-15,29.988245
2013-08-16,29.959998
2013-08-19,29.865843
2013-08-20,29.912921
2013-08-21,29.847013
2013-08-22,29.978829
2013-08-23,30.195384
2013-08-26,30.054153
2013-08-27,29.526888
2013-08-28,29.545717
2013-08-29,29.70578
2013-08-30,29.564549
2013-09-03,29.592796
2013-09-04,29.875259
2013-09-05,29.89409
2013-09-06,29.912921
2013-09-09,30.27071
2013-09-10,30.459016
2013-09-11,30.317786
2013-09-12,30.346032
2013-09-13,30.374277
2013-09-16,30.3272
2013-09-17,30.477848
2013-09-18,30.863881
2013-09-19,30.882713
2013-09-20,30.663217
2013-09-23,30.757826
2013-09-24,30.625372
2013-09-25,30.578067
2013-09-26,30.691599
2013-09-27,30.502381
2013-09-30,30.313159
2013-10-01,30.578067
2013-10-02,30.58753
2013-10-03,30.322619
2013-10-04,30.445613
2013-10-07,30.313159
2013-10-08,29.830646
2013-10-09,29.944178
2013-10-10,30.445613
2013-10-11,30.701062
2013-10-14,30.805134
2013-10-15,30.615912
2013-10-16,30.909202
2013-10-17,30.918665
2013-10-18,31.448484
2013-10-21,31.61878
2013-10-22,31.60932
2013-10-23,31.457944
2013-10-24,31.533634
2013-10-25,31.69447
2013-10-28,31.798542
2013-10-29,32.006686
2013-10-30,31.940455
2013-10-31,31.836387
2013-11-01,31.845846
2013-11-04,31.968841
2013-11-05,31.883691
2013-11-06,32.205366
2013-11-07,31.789079
2013-11-08,32.072913
2013-11-11,32.110754
2013-11-12,32.195903
2013-11-13,32.470274
2013-11-14,32.385125
2013-11-15,32.451352
2013-11-18,32.328357
2013-11-19,32.214826
2013-11-20,32.110754
2013-11-21,32.385125
2013-11-22,32.318898
2013-11-25,32.318898
2013-11-26,32.432429
2013-11-27,32.687878
2013-11-29,32.820332
2013-12-02,32.716263
2013-12-03,32.79195
2013-12-04,32.820332
2013-12-05,32.716263
2013-12-06,32.943326
2013-12-09,33.047398
2013-12-10,32.981171
2013-12-11,32.678418
2013-12-12,32.460815
2013-12-13,32.356743
2013-12-16,32.678418
2013-12-17,32.668955
2013-12-18,32.924404
2013-12-19,32.981171
2013-12-20,33.238827
2013-12-23,33.676179
2013-12-24,33.771258
2013-12-26,33.856828
2013-12-27,33.828306
2013-12-30,33.761749
2013-12-31,33.980428
2014-01-02,33.647658
2014-01-03,33.486029
2014-01-06,33.428982
2014-01-07,33.733227
2014-01-08,33.733227
2014-01-09,33.514551
2014-01-10,33.581104
2014-01-13,33.219812
2014-01-14,33.780764
2014-01-15,34.189595
2014-01-16,34.180089
2014-01-17,33.989934
2014-01-21,34.161073
2014-01-22,34.123041
2014-01-23,34.056488
2014-01-24,33.40046
2014-01-27,33.086705
2014-01-28,32.887044
2014-01-29,32.630337
2014-01-30,33.029661
2014-01-31,33.105721
2014-02-03,32.411661
2014-02-04,32.535262
2014-02-05,32.563783
2014-02-06,32.925076
2014-02-07,33.371934
2014-02-10,33.438488
2014-02-11,33.847318
2014-02-12,33.980428
2014-02-13,34.227626
2014-02-14,34.29418
2014-02-18,34.313196
2014-02-19,34.199104
2014-02-20,34.313196
2014-02-21,34.180089
2014-02-24,34.313196
2014-02-25,34.21812
2014-02-26,34.246642
2014-02-27,34.522366
2014-02-28,34.560393
2014-03-03,34.189595
2014-03-04,34.636457
2014-03-05,34.683994
2014-03-06,34.731532
2014-03-07,34.626947
2014-03-10,34.569903
2014-03-11,34.49384
2014-03-12,34.550887
2014-03-13,34.08501
2014-03-14,33.875843
2014-03-17,34.275164
2014-03-18,34.722026
2014-03-19,34.579409
2014-03-20,34.845627
2014-03-21,34.670889
2014-03-24,34.642241
2014-03-25,34.852311
2014-03-26,34.432175
2014-03-27,34.308042
2014-03-28,34.441722
2014-03-31,34.709081
2014-04-01,35.11967
2014-04-02,35.138767
2014-04-03,34.966893
2014-04-04,34.298491
2014-04-07,34.031132
2014-04-08,34.336687
2014-04-09,34.795018
2014-04-10,33.992937
2014-04-11,33.610996
2014-04-14,33.945195
2014-04-15,34.11707
2014-04-16,34.451272
2014-04-17,34.403526
2014-04-21,34.537206
2014-04-22,34.680436
2014-04-23,34.308042
2014-04-24,34.575401
2014-04-25,34.136167
2014-04-28,34.460819
2014-04-29,34.699534
2014-04-30,34.804568
2014-05-01,34.842764
2014-05-02,34.747276
2014-05-05,34.928701
2014-05-06,34.537206
2014-05-07,34.556303
2014-05-08,34.651791
2014-05-09,34.689987
2014-05-12,35.157865
2014-05-13,35.176962
2014-05-14,35.014635
2014-05-15,34.804568
2014-05-16,35.024185
2014-05-19,35.253349
2014-05-20,35.05283
2014-05-21,35.291544
2014-05-22,35.358384
2014-05-23,35.654391
2014-05-27,35.959946
2014-05-28,35.864461
2014-05-29,36.074528
2014-05-30,36.112723
2014-06-02,36.05543
2014-06-03,35.998141
2014-06-04,36.064981
2014-06-05,36.303695
2014-06-06,36.466019
2014-06-09,36.580605
2014-06-10,36.599702
2014-06-11,36.513765
2014-06-12,36.19866
2014-06-13,36.40873
2014-06-16,36.40873
2014-06-17,36.494667
2014-06-18,36.685636
2014-06-19,36.618796
2014-06-20,36.53822
2014-06-23,36.643739
2014-06-24,36.451886
2014-06-25,36.595777
2014-06-26,36.557405
2014-06-27,36.778035
2014-06-30,36.787626
2014-07-01,37.16174
2014-07-02,37.200108
2014-07-03,37.363184
2014-07-07,37.401555
2014-07-08,37.065812
2014-07-09,37.248074
2014-07-10,37.142555
2014-07-11,37.334404
2014-07-14,37.602999
2014-07-15,37.535851
2014-07-16,37.881186
2014-07-17,37.391961
2014-07-18,37.842814
2014-07-21,37.794852
2014-07-22,38.111406
2014-07-23,38.178554
2014-07-24,38.149777
2014-07-25,38.101815
2014-07-28,38.168963
2014-07-29,38.09222
2014-07-30,38.130592
2014-07-31,37.411146
2014-08-01,37.209703
2014-08-04,37.478294
2014-08-05,37.123369
2014-08-06,37.008259
2014-08-07,36.854774
2014-08-08,37.094589
2014-08-11,37.276851
2014-08-12,37.257665
2014-08-13,37.622185
2014-08-14,37.689333
2014-08-15,37.689333
2014-08-18,38.044258
2014-08-19,38.284073
2014-08-20,38.284073
2014-08-21,38.466331
2014-08-22,38.475926
2014-08-25,38.514297
2014-08-26,38.533479
2014-08-27,38.523888
2014-08-28,38.466331
2014-08-29,38.638998
2014-09-02,38.648593
2014-09-03,38.437555
2014-09-04,38.418369
2014-09-05,38.648593
2014-09-08,38.706146
2014-09-09,38.427964
2014-09-10,38.658184
2014-09-11,38.744518
2014-09-12,38.581445
2014-09-15,38.351221
2014-09-16,38.638998
2014-09-17,38.715741
2014-09-18,38.945961
2014-09-19,38.863112
2014-09-22,38.602996
2014-09-23,38.516291
2014-09-24,38.766774
2014-09-25,37.918991
2014-09-26,38.333248
2014-09-29,38.323612
2014-09-30,38.439222
2014-10-01,37.841918
2014-10-02,37.82265
2014-10-03,38.130938
2014-10-06,38.14057
2014-10-07,37.54327
2014-10-08,38.256175
2014-10-09,37.620339
2014-10-10,36.65695
2014-10-13,36.252328
2014-10-14,36.310129
2014-10-15,36.05965
2014-10-16,35.847703
2014-10-17,36.271597
2014-10-20,36.531708
2014-10-21,37.244618
2014-10-22,37.071207
2014-10-23,37.485465
2014-10-24,37.813017
2014-10-27,37.851554
2014-10-28,38.371785
2014-10-29,38.333248
2014-10-30,38.458486
2014-10-31,39.05579
2014-11-03,39.219564
2014-11-04,39.209932
2014-11-05,39.315906
2014-11-06,39.296637
2014-11-07,39.344806
2014-11-10,39.450779
2014-11-11,39.470048
2014-11-12,39.595286
2014-11-13,39.807232
2014-11-14,40.086616
2014-11-17,40.009543
2014-11-18,40.144417
2014-11-19,39.884305
2014-11-20,40.086616
2014-11-21,40.144417
2014-11-24,40.356364
2014-11-25,40.375632
2014-11-26,40.741721
2014-11-28,40.934399
2014-12-01,40.471969
2014-12-02,40.481605
2014-12-03,40.626111
2014-12-04,40.626111
2014-12-05,40.577943
2014-12-08,40.163685
2014-12-09,40.154053
2014-12-10,39.547117
2014-12-11,39.720527
2014-12-12,39.132859
2014-12-15,38.892012
2014-12-16,38.371785
2014-12-17,39.094327
2014-12-18,40.211858
2014-12-19,40.2564
2014-12-22,40.7406
2014-12-23,40.847125
2014-12-24,40.808388
2014-12-26,40.9827
2014-12-29,40.779337
2014-12-30,40.488818
2014-12-31,40.043351
2015-01-02,39.965881
2015-01-05,39.355788
2015-01-06,38.881274
2015-01-07,39.21053
2015-01-08,40.072405
2015-01-09,39.946512
2015-01-12,39.481681
2015-01-13,39.45263
2015-01-14,39.229895
2015-01-15,38.72633
2015-01-16,39.104005
2015-01-20,39.433261
2015-01-21,39.501049
2015-01-22,40.149876
2015-01-23,40.140193
2015-01-26,39.975563
2015-01-27,38.823168
2015-01-28,38.75538
2015-01-29,39.123374
2015-01-30,38.639173
2015-02-02,39.036217
2015-02-03,39.481681
2015-02-04,39.559151
2015-02-05,39.927144
2015-02-06,39.801251
2015-02-09,39.743149
2015-02-10,40.333874
2015-02-11,40.488818
2015-02-12,41.040806
2015-02-13,41.302274
2015-02-17,41.321639
2015-02-18,41.360376
2015-02-19,41.505637
2015-02-20,41.718687
2015-02-23,41.747738
2015-02-24,41.873631
2015-02-25,41.612162
2015-02-26,41.873631
2015-02-27,41.728369
2015-03-02,42.057625
2015-03-03,41.776788
2015-03-04,41.612162
2015-03-05,41.563739
2015-03-06,41.050488
2015-03-09,41.244169
2015-03-10,40.401662
2015-03-11,40.140193
2015-03-12,40.401662
2015-03-13,40.17893
2015-03-16,40.653444
2015-03-17,40.66313
2015-03-18,41.215118
2015-03-19,41.098907
2015-03-20,41.364366
2015-03-23,41.364366
2015-03-24,41.228235
2015-03-25,40.168359
2015-03-26,40.197528
2015-03-27,40.226698
2015-03-30,40.71288
2015-03-31,40.294763
2015-04-01,40.236424
2015-04-02,40.226698
2015-04-06,40.615645
2015-04-07,40.528132
2015-04-08,40.654541
2015-04-09,40.761497
2015-04-10,40.917079
2015-04-13,40.800393
2015-04-14,40.673988
2015-04-15,41.033762
2015-04-16,40.887906
2015-04-17,40.323937
2015-04-20,41.014314
2015-04-21,40.994866
2015-04-22,41.412983
2015-04-23,41.578283
2015-04-24,41.938061
2015-04-27,42.054743
2015-04-28,42.190874
2015-04-29,41.986678
2015-04-30,41.403261
2015-05-01,41.908887
2015-05-04,41.947783
2015-05-05,41.296301
2015-05-06,40.946249
2015-05-07,41.247679
2015-05-08,41.840822
2015-05-11,41.626905
2015-05-12,41.403261
2015-05-13,41.578283
2015-05-14,42.249217
2015-05-15,42.113087
2015-05-18,42.317282
2015-05-19,42.210321
2015-05-20,42.239491
2015-05-21,42.424243
2015-05-22,42.395069
2015-05-26,41.782483
2015-05-27,42.570095
2015-05-28,42.482582
2015-05-29,42.171426
2015-06-01,42.288112
2015-06-02,42.200599
2015-06-03,42.288112
2015-06-04,41.899165
2015-06-05,41.763035
2015-06-08,41.296301
2015-06-09,41.208788
2015-06-10,41.840822
2015-06-11,41.86027
2015-06-12,41.49077
2015-06-15,41.247679
2015-06-16,41.510218
2015-06-17,41.529666
2015-06-18,41.899165
2015-06-19,41.55047
2015-06-22,41.882561
2015-06-23,41.921628
2015-06-24,41.726283
2015-06-25,41.628607
2015-06-26,41.27698
2015-06-29,40.397918
2015-06-30,40.436988
2015-07-01,40.710474
2015-07-02,40.76908
2015-07-06,40.603032
2015-07-07,40.661638
2015-07-08,39.997455
2015-07-09,39.841177
2015-07-10,40.476055
2015-07-13,41.091401
2015-07-14,41.24768
2015-07-15,41.257449
2015-07-16,41.784885
2015-07-17,42.429533
2015-07-20,42.654182
2015-07-21,42.370931
2015-07-22,41.687213
2015-07-23,41.599306
2015-07-24,41.374657
2015-07-27,41.003495
2015-07-28,41.374657
2015-07-29,41.648142
2015-07-30,41.726283
2015-07-31,41.58954
2015-08-03,41.364887
2015-08-04,41.120702
2015-08-05,41.521165
2015-08-06,41.110937
2015-08-07,41.140238
2015-08-10,41.784885
2015-08-11,41.159773
2015-08-12,41.345356
2015-08-13,41.228144
2015-08-14,41.423493
2015-08-17,41.667678
2015-08-18,41.452794
2015-08-19,41.179308
2015-08-20,40.173268
2015-08-21,38.639789
2015-08-24,37.116075
2015-08-25,36.823054
2015-08-26,38.678855
2015-08-27,39.577457
2015-08-28,39.655594
2015-08-31,39.294202
2015-09-01,38.034208
2015-09-02,38.952345
2015-09-03,38.981646
2015-09-04,38.385835
2015-09-08,39.460249
2015-09-09,38.942575
2015-09-10,39.333272
2015-09-11,39.518851
2015-09-14,39.421179
2015-09-15,39.929084
2015-09-16,40.095127
2015-09-17,39.821642
2015-09-18,39.30458
2015-09-21,39.697035
2015-09-22,39.029858
2015-09-23,39.127974
2015-09-24,39.127974
2015-09-25,39.059295
2015-09-28,38.166455
2015-09-29,37.999659
2015-09-30,38.764949
2015-10-01,38.774762
2015-10-02,39.324204
2015-10-05,40.099304
2015-10-06,40.14836
2015-10-07,40.334779
2015-10-08,40.521195
2015-10-09,40.697801
2015-10-12,40.746858
2015-10-13,40.658555
2015-10-14,40.580065
2015-10-15,41.10007
2015-10-16,41.178563
2015-10-19,41.335545
2015-10-20,41.227619
2015-10-21,40.913654
2015-10-22,41.835927
2015-10-23,43.003489
2015-10-26,42.836693
2015-10-27,42.591407
2015-10-28,43.229151
2015-10-29,43.111411
2015-10-30,42.826883
2015-11-02,43.209528
2015-11-03,43.43519
2015-11-04,43.484247
2015-11-05,43.356697
2015-11-06,43.50387
2015-11-09,43.081978
2015-11-10,42.797446
2015-11-11,42.777823
2015-11-12,42.404991
2015-11-13,41.571018
2015-11-16,42.208762
2015-11-17,42.218572
2015-11-18,42.856316
2015-11-19,43.052545
2015-11-20,43.366511
2015-11-23,43.111411
2015-11-24,43.121225
2015-11-25,42.983866
2015-11-27,43.081978
2015-11-30,43.131035
2015-12-01,43.51368
2015-12-02,43.238961
2015-12-03,42.67971
2015-12-04,43.729532
2015-12-07,43.51368
2015-12-08,43.405757
2015-12-09,42.768013
2015-12-10,42.885749
2015-12-11,41.992909
2015-12-14,42.316688
2015-12-15,42.503104
2015-12-16,43.081978
2015-12-17,42.404991
2015-12-18,41.582607
2015-12-21,42.006618
2015-12-22,42.312301
2015-12-23,42.667287
2015-12-24,42.647565
2015-12-28,42.617984
2015-12-29,43.199766
2015-12-30,42.834917
2015-12-31,42.233417
2016-01-04,41.681216
2016-01-05,41.572748
2016-01-06,41.05999
2016-01-07,39.847124
2016-01-08,39.531581
2016-01-11,39.787958
2016-01-12,40.261275
2016-01-13,39.176595
2016-01-14,39.916148
2016-01-15,38.792028
2016-01-19,38.831472
2016-01-20,38.525789
2016-01-21,38.742725
2016-01-22,39.817543
2016-01-25,39.354088
2016-01-26,39.738655
2016-01-27,38.920218
2016-01-28,39.423113
2016-01-29,40.665564
2016-02-01,40.813473
2016-02-02,40.083782
2016-02-03,40.034476
2016-02-04,40.07392
2016-02-05,38.949799
2016-02-08,38.387739
2016-02-09,38.210246
2016-02-10,38.269412
2016-02-11,38.190524
2016-02-12,38.723004
2016-02-16,39.413254
2016-02-17,40.221832
2016-02-18,40.064061
2016-02-19,40.093641
2016-02-22,40.626121
2016-02-23,39.985173
2016-02-24,40.290856
2016-02-25,40.793751
2016-02-26,40.685282
2016-02-29,40.399325
2016-03-01,41.602329
2016-03-02,41.72066
2016-03-03,41.72066
2016-03-04,41.829125
2016-03-07,41.572748
2016-03-08,41.316371
2016-03-09,41.671353
2016-03-10,41.631913
2016-03-11,42.272857
2016-03-14,42.32216
2016-03-15,42.479935
2016-03-16,42.97297
2016-03-17,43.130742
2016-03-18,43.200111
2016-03-21,43.348771
2016-03-22,43.35868
2016-03-23,43.110916
2016-03-24,43.229842
2016-03-28,43.120825
2016-03-29,43.794743
2016-03-30,44.05242
2016-03-31,43.963225
2016-04-01,44.300184
2016-04-04,44.131702
2016-04-05,43.705548
2016-04-06,44.131702
2016-04-07,43.497427
2016-04-08,43.497427
2016-04-11,43.378502
2016-04-12,43.675818
2016-04-13,44.121793
2016-04-14,44.111881
2016-04-15,43.943403
2016-04-18,44.131702
2016-04-19,43.883938
2016-04-20,43.973134
2016-04-21,43.814565
2016-04-22,43.051452
2016-04-25,43.061364
2016-04-26,42.853244
2016-04-27,42.655032
2016-04-28,42.119861
2016-04-29,41.753171
2016-05-02,42.060396
2016-05-03,41.673885
2016-05-04,41.545047
2016-05-05,41.564868
2016-05-06,41.872097
2016-05-09,41.872097
2016-05-10,42.417177
2016-05-11,42.109952
2016-05-12,41.991023
2016-05-13,41.832454
2016-05-16,42.417177
2016-05-17,41.991023
2016-05-18,42.070309
2016-05-19,41.842366
2016-05-20,42.347803
2016-05-23,42.268521
2016-05-24,43.061364
2016-05-25,43.35868
2016-05-26,43.497427
2016-05-27,43.705548
2016-05-31,43.794743
2016-06-01,43.68573
2016-06-02,43.646087
2016-06-03,43.546979
2016-06-06,43.626266
2016-06-07,43.804656
2016-06-08,43.893851
2016-06-09,43.90376
2016-06-10,43.566801
2016-06-13,43.081186
2016-06-14,43.18029
2016-06-15,43.071273
2016-06-16,43.160468
2016-06-17,42.872659
2016-06-20,43.051918
2016-06-21,43.350681
2016-06-22,43.201302
2016-06-23,43.788871
2016-06-24,42.105831
2016-06-27,41.259334
2016-06-28,42.075956
2016-06-29,42.723279
2016-06-30,43.191341
2016-07-01,43.290931
2016-07-05,42.97225
2016-07-06,43.271013
2016-07-07,43.271013
2016-07-08,43.948212
2016-07-11,44.207139
2016-07-12,44.565657
2016-07-13,44.575614
2016-07-14,44.86442
2016-07-15,44.824584
2016-07-18,45.123352
2016-07-19,45.023761
2016-07-20,45.611331
2016-07-21,45.372322
2016-07-22,45.64121
2016-07-25,45.581456
2016-07-26,45.681042
2016-07-27,46.059478
2016-07-28,46.089353
2016-07-29,46.258655
2016-08-01,46.348284
2016-08-02,45.999724
2016-08-03,46.159064
2016-08-04,46.408035
2016-08-05,46.856182
2016-08-08,46.846225
2016-08-09,46.945811
2016-08-10,46.796431
2016-08-11,46.965729
2016-08-12,46.915936
2016-08-15,47.144988
2016-08-16,46.796431
2016-08-17,46.776513
2016-08-18,46.796431
2016-08-19,46.826306
2016-08-22,46.826306
2016-08-23,46.995604
2016-08-24,46.736677
2016-08-25,46.836264
2016-08-26,46.856182
2016-08-29,47.03544
2016-08-30,46.8761
2016-08-31,46.796431
2016-09-01,46.945811
